StationId,Datetime,PM2.5,PM10,NO,NO2,NOx,NH3,CO,SO2,O3,Benzene,Toluene,Xylene,AQI,AQI_Bucket
AP001,11/24/2017 17:00,60.5,98,2.35,30.8,18.25,8.5,0.1,11.85,126.4,0.1,6.1,0.1,,
AP001,11/24/2017 18:00,65.5,111.25,2.7,24.2,15.07,9.77,0.1,13.17,117.12,0.1,6.25,0.15,,
AP001,11/24/2017 19:00,80,132,2.1,25.18,15.15,12.02,0.1,12.08,98.98,0.2,5.98,0.18,,
AP001,11/24/2017 20:00,81.5,133.25,1.95,16.25,10.23,11.58,0.1,10.47,112.2,0.2,6.72,0.1,,
AP001,11/24/2017 21:00,75.25,116,1.43,17.48,10.43,12.03,0.1,9.12,106.35,0.2,5.75,0.08,,
AP001,11/24/2017 22:00,69.25,108.25,0.7,18.47,10.38,13.8,0.1,9.25,91.1,0.2,5.02,0,,
AP001,11/24/2017 23:00,67.5,111.5,1.05,12.15,7.3,17.65,0.1,9.4,112.7,0.2,5.6,0.1,,
AP001,11/25/2017 0:00,68,111,1.25,14.12,8.5,20.28,0.1,8.9,116.12,0.2,5.55,0.05,,
AP001,11/25/2017 1:00,73,102,0.3,14.3,7.9,11.5,0.3,11.8,121.5,0.2,6.6,0,,
AP001,11/25/2017 2:00,81,123,0.8,24.85,13.88,10.28,0.1,11.62,83.8,0.23,6.77,0.1,,
AP001,11/25/2017 3:00,82.5,122.75,1.25,21.82,12.65,10.18,0.1,12.7,87.25,0.2,5.98,0.08,,
AP001,11/25/2017 4:00,77.5,112.5,0.5,23.5,12.9,8.9,0.1,11.58,76.45,0.2,6.02,0,,
AP001,11/25/2017 5:00,77,112.5,1.3,23.58,13.6,8.75,0.1,11.1,101.93,0.2,7.68,0.1,,
AP001,11/25/2017 6:00,80.75,122,1.08,19.2,11.08,9.3,0.1,12.58,107.77,0.2,8.32,0.1,,
AP001,11/25/2017 7:00,83,137,2.12,26.03,15.62,7.73,0.1,12.75,93.57,0.28,11.88,0.1,,
AP001,11/25/2017 8:00,,,,,,,,,,,,,,
AP001,11/25/2017 9:00,104,148.5,1.93,23,13.75,9.8,0.1,15.3,117.62,0.3,10.4,0.23,155,Moderate
AP001,11/25/2017 10:00,94.5,142,1.33,16.25,9.75,9.65,0.1,17,136.23,0.28,7.1,0.15,159,Moderate
AP001,11/25/2017 11:00,82.75,126.5,1.47,14.83,9.07,9.7,0.1,15.4,149.92,0.2,4.55,0.08,173,Moderate
AP001,11/25/2017 12:00,79,124,5.3,21.15,15.53,9.4,0.1,,156.8,0.2,4,0,184,Moderate
AP001,11/25/2017 13:00,,,,,,,,,,,,,184,Moderate
AP001,11/25/2017 14:00,68.5,117,1.35,13.6,8.35,7.4,0.1,21.8,161.7,0.1,2.3,0,191,Moderate
AP001,11/25/2017 15:00,69.25,112.25,1.52,11.8,7.55,9.25,0.1,21.38,161.68,0.1,2.35,0,191,Moderate
AP001,11/25/2017 16:00,70,107,2.8,30.33,18.4,6.15,0.1,18.9,147.97,0.1,3.7,0,191,Moderate
AP001,11/25/2017 17:00,72.75,120.25,1.5,26.72,15.45,10.78,0.1,16.03,137.2,0.1,5.7,0.03,191,Moderate
AP001,11/25/2017 18:00,81.5,134.75,1.1,18.78,10.88,14.73,0.1,12.93,146.03,0.2,7.15,0.1,191,Moderate
AP001,11/25/2017 19:00,85,142.5,1.62,26.2,15.27,14.5,0.2,12.9,123,0.2,7.15,0,191,Moderate
AP001,11/25/2017 20:00,91.5,145.75,0.98,18.88,10.83,14.12,0.2,15.22,146.52,0.2,8.1,0.05,191,Moderate
AP001,11/25/2017 21:00,92.5,131.25,0.55,21.35,11.8,12.23,0.1,17.45,149.45,0.23,7.72,0.1,191,Moderate
AP001,11/25/2017 22:00,89.25,123.5,0.65,11.55,6.68,10.85,0.1,22.15,158.75,0.2,7.92,0.05,191,Moderate
AP001,11/25/2017 23:00,87.5,121,0.9,29.1,16.25,10.28,0.1,20.5,114.67,0.2,5.97,0.1,186,Moderate
AP001,11/26/2017 0:00,97,135.75,1.13,19.8,11.45,11.83,0.1,21.57,141.6,0.25,7.58,0.2,186,Moderate
AP001,11/26/2017 1:00,91.5,131.75,0.4,18.07,9.9,11.32,0.1,15.83,138.65,0.23,6.18,0.1,186,Moderate
AP001,11/26/2017 2:00,85.5,125.25,0.55,17.85,9.95,13.1,0.1,14.08,140.63,0.23,6.8,0.1,186,Moderate
AP001,11/26/2017 3:00,88.25,131.25,0.18,17.8,9.55,12.75,0.13,14.02,120.55,0.2,6.5,0,186,Moderate
AP001,11/26/2017 4:00,85,122.25,0.25,15.13,8.23,10.35,0.1,14.23,110.27,0.23,6.62,0.03,186,Moderate
AP001,11/26/2017 5:00,91,129,0.13,16.58,8.9,9.85,0.1,15.9,132.78,0.3,8.72,0.1,186,Moderate
AP001,11/26/2017 6:00,98.25,137.75,0.38,31.75,17.18,9,0.1,12.12,89.2,0.33,14.33,0.1,186,Moderate
AP001,11/26/2017 7:00,103,144.75,1.37,40.5,22.7,9.67,0.1,10.42,36.75,0.3,12.4,0.1,189,Moderate
AP001,11/26/2017 8:00,97.75,143,2,38.48,22.12,10.73,0.1,16.12,92.12,0.3,11.03,0.15,191,Moderate
AP001,11/26/2017 9:00,96.25,143.25,1.4,19.15,11.33,11.85,0.1,27.35,150.92,0.25,10.65,0.15,189,Moderate
AP001,11/26/2017 10:00,64.75,126,1.22,20.28,11.8,10.55,0.1,45.65,161.2,0.2,7.08,0.08,190,Moderate
AP001,11/26/2017 11:00,21,122.5,1.35,14.78,8.93,10.4,0.1,31.1,176.4,0.2,5.12,0.08,221,Poor
AP001,11/26/2017 12:00,70.25,110.25,1.57,28.1,16.22,6.2,0.1,107.92,149.47,0.2,5.05,0,221,Poor
AP001,11/26/2017 13:00,64,105,1.5,20.38,12.05,7.65,0.1,98.58,142.1,0.1,4.25,0,221,Poor
AP001,11/26/2017 14:00,60.5,103.75,1.75,23.83,14.15,8.9,0.1,62.57,145.05,0.1,3.77,0.03,221,Poor
AP001,11/26/2017 15:00,57,96.5,1.35,17.02,10.15,9.92,0.1,43.23,148,0.1,5.1,0,221,Poor
AP001,11/26/2017 16:00,53.25,87.25,1.4,13.93,8.53,9.47,0.1,13.22,155.3,0.1,6.02,0.03,221,Poor
AP001,11/26/2017 17:00,59.5,92.5,1.32,16.1,9.65,9.45,0.1,11.45,143.05,0.1,6.38,0,221,Poor
AP001,11/26/2017 18:00,61,104.25,1.15,25.38,14.45,12.08,0.1,11.47,125.92,0.15,7.9,0.03,221,Poor
AP001,11/26/2017 19:00,72.5,134.75,0.75,31.43,17.3,11.35,0.13,13.1,97.98,0.23,8.9,0.08,181,Moderate
AP001,11/26/2017 20:00,80,159.5,3.97,41.65,25.4,11.25,0.18,12.47,70.07,0.3,9.22,0.1,181,Moderate
AP001,11/26/2017 21:00,84,160,0.73,48.07,26.2,11.2,0.5,12.1,56.85,0.28,9.58,0.1,181,Moderate
AP001,11/26/2017 22:00,95.75,172.75,1.35,34.12,19.25,9.83,0.53,10.23,48.52,0.35,10.65,0.15,181,Moderate
AP001,11/26/2017 23:00,102.75,178.5,2.93,53.72,30.97,8,0.1,12.42,45.08,0.33,10.92,0.3,181,Moderate
AP001,11/27/2017 0:00,124.75,207,1.78,51.25,28.7,9.7,0.08,12,54.87,0.4,10.95,0.4,165,Moderate
AP001,11/27/2017 1:00,115.25,169.5,1.05,26.75,15.08,12.33,0.1,7.8,72.55,0.4,9.45,0.33,168,Moderate
AP001,11/27/2017 2:00,96.5,136,0.58,22.75,12.58,11.3,0.1,8.33,75.95,0.38,7.85,0.2,170,Moderate
AP001,11/27/2017 3:00,93.75,132,0.65,18.08,10.1,12.98,0.18,7.53,77.92,0.4,8.8,0.1,171,Moderate
AP001,11/27/2017 4:00,98.25,136.75,0.33,21.37,11.62,19.05,0.13,5.78,75.95,0.4,9.1,0.08,172,Moderate
AP001,11/27/2017 5:00,96.75,133.75,0.35,21.68,11.8,13.05,0.2,7,109.78,0.38,9.45,0.05,173,Moderate
AP001,11/27/2017 6:00,99,136,0.77,19.9,11.23,12.58,0.1,7.48,121.53,0.3,8.6,0.1,173,Moderate
AP001,11/27/2017 7:00,99.75,136,2.05,34.68,20.12,14.53,0.1,6.8,34.78,0.3,7.98,0.1,173,Moderate
AP001,11/27/2017 8:00,98,142,7.05,35.6,24.67,14.47,0.1,6,21.55,0.33,8.6,0.15,173,Moderate
AP001,11/27/2017 9:00,95,150.5,2.93,26.23,16.32,15.75,0.1,8.92,118.08,0.35,9.5,0.23,173,Moderate
AP001,11/27/2017 10:00,84.25,136.25,1.7,18.37,11.17,14.75,0.1,12.05,160.73,0.28,8.2,0.13,189,Moderate
AP001,11/27/2017 11:00,77,120.25,1.45,18.4,10.98,14.33,0.1,21.65,174.45,0.23,5.07,0.1,216,Poor
AP001,11/27/2017 12:00,71,115,3.7,35.1,21.7,12.28,0.1,,143.1,0.2,4.38,0,216,Poor
AP001,11/27/2017 13:00,63.5,109,79.87,76.3,105.52,2.37,0.1,114.75,158.27,0.18,4.83,0,216,Poor
AP001,11/27/2017 14:00,65,118.5,1.4,26.05,15,17.35,0.13,88.42,178.88,0.18,5.1,0.05,227,Poor
AP001,11/27/2017 15:00,65.25,111,2.07,32.22,18.82,12.58,0.1,104.4,165.62,0.13,5.95,0.08,227,Poor
AP001,11/27/2017 16:00,66,111,4.4,39.7,24.7,10.1,0.1,118.5,156.8,0.1,5.9,0,227,Poor
AP001,11/27/2017 17:00,,,,,,,,,,,,,227,Poor
AP001,11/27/2017 18:00,,,,,,,,,,,,,227,Poor
AP001,11/27/2017 19:00,,,,,,,,,,,,,227,Poor
AP001,11/27/2017 20:00,,,,,,,,,,,,,227,Poor
AP001,11/27/2017 21:00,,,,,,,,,,,,,227,Poor
AP001,11/27/2017 22:00,,,,,,,,,,,,,198,Moderate
AP001,11/27/2017 23:00,,,,,,,,,,,,,196,Moderate
AP001,11/28/2017 0:00,,,,,,,,,,,,,188,Moderate
AP001,11/28/2017 1:00,,,,,,,,,,,,,,
AP001,11/28/2017 2:00,,,,,,,,,,,,,,
AP001,11/28/2017 3:00,,,,,,,,,,,,,,
AP001,11/28/2017 4:00,,,,,,,,,,,,,,
AP001,11/28/2017 5:00,,,,,,,,,,,,,,
AP001,11/28/2017 6:00,,,,,,,,,,,,,,
AP001,11/28/2017 7:00,,,,,,,,,,,,,,
AP001,11/28/2017 8:00,,,,,,,,,,,,,,
AP001,11/28/2017 9:00,,,,,,,,,,,,,,
AP001,11/28/2017 10:00,,,,,,,,,,,,,,
AP001,11/28/2017 11:00,,,,,,,,,,,,,,
AP001,11/28/2017 12:00,,,,,,,,,,,,,,
AP001,11/28/2017 13:00,59,97.5,1.8,21.2,12.75,14,0.1,23.7,179.35,0.15,2.9,0,,
AP001,11/28/2017 14:00,59.25,97.5,2.2,20.33,12.58,16.45,0.08,26.4,181.3,0.13,3.23,0,,
AP001,11/28/2017 15:00,59.5,94.25,1.8,20.2,12.2,11.23,0.1,28.6,189.15,0.1,3.98,0,,
AP001,11/28/2017 16:00,58.25,91,2.43,23.45,14.45,10.55,0.1,30.7,194.02,0.1,4,0,,
AP001,11/28/2017 17:00,58.5,97,2.22,24.1,14.65,11.17,0.1,29.25,182.78,0.1,4.4,0.03,,
AP001,11/28/2017 18:00,58.75,102,1.8,35.4,20.3,8.78,0.1,17.17,108.27,0.15,4.15,0.08,,
AP001,11/28/2017 19:00,64,117,2.2,29.37,17.38,8.6,0.1,12,98.98,0.2,4.5,0.1,,
AP001,11/28/2017 20:00,66,115,9.5,63.95,41.75,7.98,0.1,11.05,61.23,0.25,6.4,0.25,,
AP001,11/28/2017 21:00,71.5,124.25,1.37,19.7,11.6,11.35,0.08,9.88,117.1,0.2,7.38,0.13,,
AP001,11/28/2017 22:00,77.5,105.5,1.25,22.45,12.92,10.33,0.1,10.55,111.23,0.2,7.33,0.1,,
AP001,11/28/2017 23:00,73.75,104,1.55,28.57,16.48,15.2,0,9.7,96.55,0.28,6.9,0.1,,
AP001,11/29/2017 0:00,75.25,113.5,0.98,19.43,11.12,16.45,0.33,9.1,94.07,0.23,6.9,0.05,,
AP001,11/29/2017 1:00,75.25,115,1.15,18.18,10.62,20.55,0.2,7.65,94.05,0.3,7.18,0.08,,
AP001,11/29/2017 2:00,85,124,0.68,20.53,11.48,15.17,0.28,8.65,87.22,0.3,7.65,0.1,,
AP001,11/29/2017 3:00,99,151.75,0.75,17.85,10.13,11.55,0.1,10.02,71.05,0.3,8.57,0.13,,
AP001,11/29/2017 4:00,110.5,150.25,0.25,14.75,8.02,10.88,0.1,9.1,81.35,0.3,6.77,0.1,140,Moderate
AP001,11/29/2017 5:00,102.5,140.5,0.48,14.47,8.1,11.9,0.1,9.67,106.3,0.3,5.67,0.1,146,Moderate
AP001,11/29/2017 6:00,105.5,140.5,0.35,15.37,8.25,13.88,0.1,10.08,101.45,0.3,6,0.1,152,Moderate
AP001,11/29/2017 7:00,103.5,137,2.37,35.1,20.6,17.78,0.1,10.7,80.38,0.3,5.3,0.1,157,Moderate
AP001,11/29/2017 8:00,95,142.75,3.4,33.67,20.68,14.95,0.2,14.47,88.2,0.3,6.4,0.13,160,Moderate
AP001,11/29/2017 9:00,96.75,144.75,3.47,28.15,17.83,17.95,0.5,14.15,105.85,0.3,5.98,0.1,163,Moderate
AP001,11/29/2017 10:00,80.25,122,3.25,22.62,14.7,10.25,0.3,14.6,117.13,0.25,5.47,0.1,163,Moderate
AP001,11/29/2017 11:00,61,101.25,1.97,13.97,9.08,10.03,0.1,10.9,128.88,0.15,3,0.05,160,Moderate
AP001,11/29/2017 12:00,37,75,2.2,10.08,7.15,7.65,0.1,,126.9,0.1,1.7,0,155,Moderate
AP001,11/29/2017 13:00,,,82.8,60.2,99.35,,0.1,10.92,127.42,0.1,1.45,0,157,Moderate
AP001,11/29/2017 14:00,31.75,63.25,2.15,12.7,8.5,8.63,0.1,11.88,137.7,0.1,1.63,0,155,Moderate
AP001,11/29/2017 15:00,37,67.25,1.57,14.35,8.87,7.9,0.1,11.85,153.85,0.1,1.78,0,179,Moderate
AP001,11/29/2017 16:00,48.75,81.5,2.65,20.15,12.88,11.67,0.1,10.75,164.62,0.1,2.12,0,195,Moderate
AP001,11/29/2017 17:00,59.25,100.5,1.35,26.2,15.02,12.8,0.25,11.55,165.12,0.2,3.25,0,196,Moderate
AP001,11/29/2017 18:00,69.5,125.5,3.08,36.67,22.02,10.87,0.25,12.75,141.12,0.2,4.5,0.05,196,Moderate
AP001,11/29/2017 19:00,75.25,146.25,1.42,31.68,17.97,9.8,0.1,11.17,111.7,0.2,5.25,0.25,196,Moderate
AP001,11/29/2017 20:00,57.5,120.25,2.02,19.97,12.25,8.57,0.1,7.57,96.05,0.15,4.58,0.08,196,Moderate
AP001,11/29/2017 21:00,47,83.25,1.45,11.48,7.28,7.98,0.1,7.6,104.88,0.1,4.55,0.03,196,Moderate
AP001,11/29/2017 22:00,49.25,84,1.15,14.05,8.4,8.55,0.1,8.88,95.52,0.13,3.9,0.03,196,Moderate
AP001,11/29/2017 23:00,65,111.25,4.55,45.3,27.78,15.97,0.1,8.72,52.93,0.25,3.35,0.23,196,Moderate
AP001,11/30/2017 0:00,72.75,132.75,0.38,22.4,12.2,16.12,0.3,8.58,79.38,0.3,4.43,0.08,196,Moderate
AP001,11/30/2017 1:00,70.5,118.5,1.47,21.55,12.65,12.33,0.45,10.35,81.33,0.23,5.2,0.23,160,Moderate
AP001,11/30/2017 2:00,86,139.5,0.85,19.85,11.25,12.18,0.1,13.5,87.72,0.2,5.73,0.15,141,Moderate
AP001,11/30/2017 3:00,94.25,141.5,0.45,19.3,10.65,11.2,0.08,13.4,77.42,0.28,5.58,0.1,140,Moderate
AP001,11/30/2017 4:00,84,122.25,0.78,17.5,9.98,10.88,0.1,14.25,78.9,0.2,4.7,0.08,136,Moderate
AP001,11/30/2017 5:00,76,111.25,0.1,14.98,8,10.35,0.1,12.9,103.88,0.2,4.73,0,132,Moderate
AP001,11/30/2017 6:00,70.25,103.5,1.43,18.03,10.77,10.2,0.1,12.82,98,0.18,4.77,0.03,127,Moderate
AP001,11/30/2017 7:00,74,110.25,2.98,36.93,22.1,9.73,0.1,13.6,82.8,0.2,4.53,0.08,123,Moderate
AP001,11/30/2017 8:00,79.5,124,2.22,26.42,15.87,11.05,0.1,15.87,100.45,0.2,4.52,0.18,121,Moderate
AP001,11/30/2017 9:00,68,115.75,1.88,20.97,12.67,11.35,0.1,18.4,113.67,0.2,4.05,0.15,120,Moderate
AP001,11/30/2017 10:00,63.75,107.5,1.9,14.03,9,11.83,0.1,19.25,136.25,0.15,2.88,0.05,153,Moderate
AP001,11/30/2017 11:00,59.75,102.5,1.65,17.07,10.4,10.62,0.1,17.27,142.58,0.1,1.75,0,163,Moderate
AP001,11/30/2017 12:00,59.75,102.5,2.53,16.25,10.68,9.48,0.1,,149.95,0.1,1.58,0,173,Moderate
AP001,11/30/2017 13:00,60.75,104.25,81.25,60.75,98.4,2.98,0.1,17.5,148.97,0.1,2.05,0,173,Moderate
AP001,11/30/2017 14:00,58.75,97.75,1.12,14.55,8.65,11.28,0.1,16.45,154.35,0.1,2.22,0,180,Moderate
AP001,11/30/2017 15:00,61.25,101,1.27,13.53,8.23,11.77,0.1,16.1,161.22,0.1,2.52,0.03,190,Moderate
AP001,11/30/2017 16:00,53.75,95.75,1.12,14.28,8.5,10.32,0.1,15.62,156.3,0.1,2.27,0,190,Moderate
AP001,11/30/2017 17:00,60.5,106,1.03,16.72,9.72,11.15,0.1,14.75,163.15,0.13,2.02,0,193,Moderate
AP001,11/30/2017 18:00,78,136.5,2.07,26.88,15.93,10.77,0.1,15.4,159.25,0.2,2.37,0.13,193,Moderate
AP001,11/30/2017 19:00,85.75,152,1.52,16.25,9.88,11.55,0.1,12.65,127.38,0.2,3.18,0.08,193,Moderate
AP001,11/30/2017 20:00,70,129.75,1.37,16.7,9.98,10.9,0.1,10.98,107.3,0.1,3.32,0,193,Moderate
AP001,11/30/2017 21:00,61,99,1.37,10.8,6.87,11.37,0.1,11.03,117.12,0.1,3.58,0,193,Moderate
AP001,11/30/2017 22:00,60,98.75,1.27,10.35,6.55,11.98,0.1,11.08,112.67,0.1,3.57,0,193,Moderate
AP001,11/30/2017 23:00,67,104.25,0.5,17.88,9.98,11.4,0.1,11.92,94.07,0.15,2.98,0.08,193,Moderate
AP001,12/1/2017 0:00,70,114,1.22,21.4,12.35,13.12,0.1,12.05,76.45,0.2,2.85,0.13,193,Moderate
AP001,12/1/2017 1:00,83,122.5,0.72,13.93,8,16.7,0.1,9.88,102.9,0.28,3.45,0.08,187,Moderate
AP001,12/1/2017 2:00,77.25,110.25,0.2,10.77,5.9,14.52,0.13,9.9,111.72,0.2,3.38,0,140,Moderate
AP001,12/1/2017 3:00,89,116,0.62,13.7,7.72,16.03,0.13,10.15,90.68,0.2,3.27,0,132,Moderate
AP001,12/1/2017 4:00,93.25,121,0.03,14.12,7.45,12.17,0.1,14.25,84.75,0.2,3.18,0,133,Moderate
AP001,12/1/2017 5:00,84.75,113.5,0.25,12.2,6.7,10.38,0.1,15.6,103.88,0.2,2.55,0,135,Moderate
AP001,12/1/2017 6:00,73.75,101,0.83,17.9,10.17,9.15,0.1,16.22,91.12,0.15,2.22,0,135,Moderate
AP001,12/1/2017 7:00,71.75,108.75,3.12,28.7,17.78,9.17,0.1,14.47,75.48,0.2,3.88,0.08,135,Moderate
AP001,12/1/2017 8:00,77.25,122.75,2.83,28.52,17.5,10.42,0.1,15.95,80.83,0.2,4.95,0.15,134,Moderate
AP001,12/1/2017 9:00,75.5,119,2.4,19.12,12.12,10.38,0.1,19.25,106.32,0.2,4,0.13,135,Moderate
AP001,12/1/2017 10:00,66,108,1.62,13.52,8.53,10.32,0.1,20.2,140.6,0.2,2.72,0.08,160,Moderate
AP001,12/1/2017 11:00,60.25,103.75,0.83,13.87,8.05,10.75,0.1,15.22,148.95,0.13,1.5,0,172,Moderate
AP001,12/1/2017 12:00,60.75,106.75,2.05,12.15,8.1,8.75,0.1,,149.95,0.1,1.53,0,173,Moderate
AP001,12/1/2017 13:00,58.25,98.25,79.98,63.35,98.67,2.37,0.1,15.98,152.37,0.1,1.77,0,177,Moderate
AP001,12/1/2017 14:00,54.5,92.75,1.2,12.7,7.77,11.25,0.1,15.8,153.85,0.1,1.92,0,179,Moderate
AP001,12/1/2017 15:00,60.5,96.5,1.08,16.25,9.5,11.1,0.1,17.15,167.1,0.1,2.12,0,199,Moderate
AP001,12/1/2017 16:00,68.75,115.5,1.4,17.6,10.48,12,0.08,18.72,185.7,0.18,2.3,0,244,Poor
AP001,12/1/2017 17:00,82.25,134.75,0.97,19.52,11.15,15.33,0.08,14.78,191.6,0.2,2.15,0,259,Poor
AP001,12/1/2017 18:00,95,149.75,1.87,29.95,17.45,11.7,0.13,15.33,162.67,0.15,2.55,0.05,259,Poor
AP001,12/1/2017 19:00,100.25,152.5,1.38,13.73,8.38,8.83,0.1,10.75,132.78,0.23,4.07,0.13,259,Poor
AP001,12/1/2017 20:00,60.25,95.5,0.88,9.85,5.97,8.23,0.1,8.92,136.7,0.13,3.18,0,259,Poor
AP001,12/1/2017 21:00,56.5,84.5,1.2,12.1,7.4,8.27,0.1,9.1,131.32,0.1,2.72,0,259,Poor
AP001,12/1/2017 22:00,68,103,1.45,18.02,10.75,10.48,0.1,9.5,106.35,0.18,2.82,0.05,259,Poor
AP001,12/1/2017 23:00,88.25,135.25,1.75,30.03,17.4,11.35,0.1,10.45,87.2,0.25,3.38,0.18,259,Poor
AP001,12/2/2017 0:00,92,135.5,0.5,19.83,10.92,11.58,0.1,11.65,103.38,0.2,4.4,0.13,259,Poor
AP001,12/2/2017 1:00,95.75,136.25,0.5,17.15,9.53,12.67,0.1,12.1,105.85,0.2,4.83,0.1,192,Moderate
AP001,12/2/2017 2:00,91.5,133.25,0.1,18.75,10,12.45,0.1,11.58,99.48,0.2,4.43,0.1,154,Moderate
AP001,12/2/2017 3:00,105.5,142,,15.03,7.92,12.97,0.1,12.07,81.85,0.25,3.23,0.05,156,Moderate
AP001,12/2/2017 4:00,106,139.25,0.1,14.1,7.55,12.6,0.1,15.15,86.23,0.3,1.6,0,157,Moderate
AP001,12/2/2017 5:00,85.5,121.25,0.2,13.62,7.4,11.35,0.1,17.08,113.17,0.28,1.28,0,158,Moderate
AP001,12/2/2017 6:00,80,114,0.97,14.27,8.35,11.4,0.1,18.12,109.28,0.25,1.38,0,158,Moderate
AP001,12/2/2017 7:00,82.5,121.75,2.97,35.22,21.18,10.15,0.1,15.58,86.73,0.23,2.18,0.08,160,Moderate
AP001,12/2/2017 8:00,82.25,133.5,2.5,24.32,14.95,10.98,0.1,15.48,103.9,0.2,3.4,0.1,161,Moderate
AP001,12/2/2017 9:00,75.75,129.5,1.45,14.97,9.18,10.85,0.1,18.2,141.6,0.2,2.4,0.05,161,Moderate
AP001,12/2/2017 10:00,70.5,115,1.7,15.92,9.88,10.4,0.1,18.45,150.92,0.2,1.3,0.05,175,Moderate
AP001,12/2/2017 11:00,66,121,1.7,18.1,11.05,9.9,0.1,17.15,155.8,0.2,1.3,0,182,Moderate
AP001,12/2/2017 12:00,62.25,118.5,2.27,17.78,11.28,7.65,0.1,125.3,147.97,0.2,1.37,0,182,Moderate
AP001,12/2/2017 13:00,57.5,104.25,149.2,117.72,182.55,,0.1,14.95,145.03,0.15,1.7,0,182,Moderate
AP001,12/2/2017 14:00,49.75,91.5,1.53,15.48,9.48,13.85,0.03,11.12,149.92,0.1,1.77,0,182,Moderate
AP001,12/2/2017 15:00,51,90.75,1.6,15.65,9.65,13,0.1,9.03,157.27,0.1,2.2,0,184,Moderate
AP001,12/2/2017 16:00,58,102.75,1.23,14.7,8.8,11.4,0.1,11.88,159.78,0.1,2.48,0,188,Moderate
AP001,12/2/2017 17:00,67.25,115.5,0.77,16.5,9.38,11.53,0.1,15.75,179.35,0.13,2.27,0,228,Poor
AP001,12/2/2017 18:00,105.5,170.5,1.85,30.95,17.95,14.35,0.1,18.38,178.88,0.25,2.55,0.05,228,Poor
AP001,12/2/2017 19:00,129.5,202.5,1.67,44.75,25.18,14.4,0.1,19.88,153.38,0.38,3.18,0.2,228,Poor
AP001,12/2/2017 20:00,144.75,230,1.5,39.77,22.38,19.7,0.08,19.5,134.25,0.48,3.9,0.38,228,Poor
AP001,12/2/2017 21:00,144.75,223.25,0.98,33.88,18.8,25.42,0.08,11.15,119.55,0.5,4.57,0.1,228,Poor
AP001,12/2/2017 22:00,128.5,186.75,1,34.58,19.18,17.12,0.3,12.95,110.75,0.43,5.48,0.18,228,Poor
AP001,12/2/2017 23:00,125.5,186.25,1.05,25.5,14.45,16.05,0.1,12.4,115.12,0.38,3.82,0.2,228,Poor
AP001,12/3/2017 0:00,121,169,1.18,21.25,12.22,14.75,0.1,12.62,118.57,0.3,2.85,0.1,228,Poor
AP001,12/3/2017 1:00,117.75,158,0.25,17.47,9.47,14.68,0.1,11,123.48,0.3,2.8,0.1,227,Poor
AP001,12/3/2017 2:00,108,152,0.25,23.78,12.85,13.85,0.1,11.17,120.55,0.3,3.88,0.03,209,Poor
AP001,12/3/2017 3:00,107.5,154.5,0.35,32.58,17.62,13.95,0.1,9.02,61.75,0.3,4.15,0.03,209,Poor
AP001,12/3/2017 4:00,116.75,171.5,0.28,35.02,18.87,16.6,0.1,8.67,64.67,0.3,5.15,0.05,211,Poor
AP001,12/3/2017 5:00,120.5,162,0.75,23.65,13.17,24.35,0.15,7.45,99.95,0.3,5.25,0.05,216,Poor
AP001,12/3/2017 6:00,124.75,167.25,1.15,27.15,15.35,25.6,0.35,8.62,108.8,0.35,4.55,0,222,Poor
AP001,12/3/2017 7:00,144.25,197.5,2.47,42.03,24.38,20.38,0.4,13.93,94.55,0.43,6.1,0.08,230,Poor
AP001,12/3/2017 8:00,118.75,182,3.57,50.3,29.68,21.68,0.3,18.3,95.55,0.35,5.55,0.1,236,Poor
AP001,12/3/2017 9:00,104.75,169.5,0.9,23.48,13.23,14.12,0.28,25.82,132.3,0.25,5.5,0.1,240,Poor
AP001,12/3/2017 10:00,106.5,167.25,1.1,19.8,11.43,12.65,0.1,27.82,136.7,0.3,4.27,0.08,245,Poor
AP001,12/3/2017 11:00,88.5,130.25,0.98,14.35,8.45,11.28,0.1,17.65,138.68,0.25,2.77,0,248,Poor
AP001,12/3/2017 12:00,63.5,102,1.23,15,9,9.15,0.1,11.43,135.72,0.2,2.3,0,248,Poor
AP001,12/3/2017 13:00,53,84.25,0.65,10.73,6.25,10.13,0.1,11,134.75,0.13,2.33,0,247,Poor
AP001,12/3/2017 14:00,44.25,74,1.08,12.45,7.52,11.92,0.1,8.28,136.7,0.1,2.53,0,246,Poor
AP001,12/3/2017 15:00,44.75,71.5,0.78,12.4,7.25,11.58,0.1,8.28,141.13,0.1,3.07,0,246,Poor
AP001,12/3/2017 16:00,45,82,1.1,12.53,7.53,11.13,0.1,9.1,140.63,0.1,3.27,0,244,Poor
AP001,12/3/2017 17:00,48,83,0.57,12.38,7.05,10.23,0.1,7.7,129.38,0.1,3.07,0,241,Poor
AP001,12/3/2017 18:00,51.25,91.5,1.12,15.18,8.95,9.62,0.1,6.8,111.73,0.1,2.4,0,234,Poor
AP001,12/3/2017 19:00,64.25,112.5,1.5,20.23,11.97,11.27,0.1,8.05,104.38,0.18,2.72,0.05,225,Poor
AP001,12/3/2017 20:00,75.25,125.25,0.2,21.15,11.4,12.2,0.08,8.9,109.75,0.2,3.7,0.18,215,Poor
AP001,12/3/2017 21:00,77,117.5,0.63,16.3,9.17,14.92,0.2,6.85,108.28,0.2,4.12,0.05,205,Poor
AP001,12/3/2017 22:00,71,101.25,0.75,12.2,7.1,13.8,0.13,7.25,116.62,0.2,4.38,0,197,Moderate
AP001,12/3/2017 23:00,75,107,0.45,20.12,11.08,14.75,0.1,8.12,90.67,0.23,4.9,0.03,190,Moderate
AP001,12/4/2017 0:00,89,125.5,0.65,24.53,13.58,15.35,0.27,8.5,80.35,0.35,5.08,0.1,186,Moderate
AP001,12/4/2017 1:00,90.5,125.75,0.53,22.1,12.2,18.62,0.08,4.8,87.7,0.4,4.98,0.15,182,Moderate
AP001,12/4/2017 2:00,88,113,0.62,28.65,15.75,25.05,0.03,1.18,91.62,0.4,4.33,0,179,Moderate
AP001,12/4/2017 3:00,84.5,104.5,0.42,40.9,22.07,24.6,0.08,,69.07,0.3,3.45,0.03,176,Moderate
AP001,12/4/2017 4:00,84,107.75,1.68,43.07,24.25,23.12,0.18,0.05,69.1,0.38,4.55,0.1,172,Moderate
AP001,12/4/2017 5:00,89,119.5,1.52,55.02,30.5,22.42,0.55,0.08,75.95,0.4,5.27,0.15,167,Moderate
AP001,12/4/2017 6:00,98,139.75,0.58,40.13,20.93,16.7,0.85,1.72,123.48,0.4,4.97,0.13,164,Moderate
AP001,12/4/2017 7:00,109.25,150,1.15,23.32,13.25,12.23,0.38,14.37,89.67,0.35,5.4,0.2,159,Moderate
AP001,12/4/2017 8:00,115.5,173.75,2.12,24.48,14.75,11.1,0.1,23.55,94.1,0.3,4.83,0.2,158,Moderate
AP001,12/4/2017 9:00,109,167.5,1.7,21.55,12.85,10.08,0.1,24.4,113.65,0.3,4.05,0.15,159,Moderate
AP001,12/4/2017 10:00,89.75,141.5,1.6,16.95,10.3,10.65,0.1,19.6,126.92,0.3,2.93,0.1,157,Moderate
AP001,12/4/2017 11:00,77,113,1.5,16.8,10.15,10.95,0.1,17,138.2,0.2,1.6,0.05,156,Moderate
AP001,12/4/2017 12:00,55.75,97.5,1.62,13.27,8.4,9.9,0.1,,140.6,0.2,1.68,0,160,Moderate
AP001,12/4/2017 13:00,59,96.25,68.57,83.48,100.15,6.75,0.1,10.7,137.22,0.2,1.95,0,160,Moderate
AP001,12/4/2017 14:00,51,84,1.65,13.4,8.42,11.32,0.1,8.83,137.7,0.2,2.2,0,160,Moderate
AP001,12/4/2017 15:00,48.75,80.75,1.38,15.22,9.23,11.1,0.08,6.83,140.17,0.18,2.53,0,160,Moderate
AP001,12/4/2017 16:00,50,82.75,1.28,14.08,8.55,12.93,0.2,6.07,141.6,0.2,2.8,0,161,Moderate
AP001,12/4/2017 17:00,58,88.75,1.72,20.02,12.08,12.7,0.2,6.9,141.1,0.2,2.7,0,161,Moderate
AP001,12/4/2017 18:00,75.25,125,1.92,30.53,17.8,14.67,0.18,11.18,121.05,0.3,2.82,0.05,162,Moderate
AP001,12/4/2017 19:00,113,182.5,1.27,37,20.72,16.92,0.08,14.43,107.3,0.73,3.95,0.23,168,Moderate
AP001,12/4/2017 20:00,123,201.75,1.35,32.88,18.6,14.65,0.1,11.1,99,0.5,4.52,0.38,175,Moderate
AP001,12/4/2017 21:00,117,174,1.05,10.75,6.55,11.47,0.1,8.1,122,0.33,3.82,0.13,181,Moderate
AP001,12/4/2017 22:00,71,99.5,0.38,10,5.65,11.67,0.1,8.85,127.4,0.2,2.47,0,181,Moderate
AP001,12/4/2017 23:00,86,105.75,0.15,9.4,5.12,10.78,0.1,8.23,122.98,0.2,1.95,0,182,Moderate
AP001,12/5/2017 0:00,77,102,0.18,15.85,8.55,10.67,0.1,9.28,101.45,0.2,2.07,0,180,Moderate
AP001,12/5/2017 1:00,89.75,123.75,0.4,21.3,11.65,12.18,0.1,9,84.77,0.3,2.38,0.1,180,Moderate
AP001,12/5/2017 2:00,93.75,138.25,0.6,20.57,11.4,14.45,0.1,10.15,86.23,0.33,3.77,0.1,181,Moderate
AP001,12/5/2017 3:00,108.75,156,0.55,20.43,11.27,16.93,0.1,9.73,77.42,0.4,6.67,0.1,185,Moderate
AP001,12/5/2017 4:00,111,153,0.55,25.03,13.72,22.12,0.2,8.4,74,0.3,6,0.05,188,Moderate
AP001,12/5/2017 5:00,108.75,151,0.23,19.95,10.75,16.9,0.4,8.35,89.65,0.3,5.05,0.05,191,Moderate
AP001,12/5/2017 6:00,113.25,148.75,0.73,30.23,16.65,15.37,0.1,8.8,74.48,0.3,3.32,0.13,193,Moderate
AP001,12/5/2017 7:00,122.25,147.25,0.88,16.95,9.68,16.5,0.1,13.9,111.25,0.33,3.47,0.08,195,Moderate
AP001,12/5/2017 8:00,102,135.25,1.35,18.95,11.15,13.2,0.1,18.7,115.17,0.3,2.25,0,193,Moderate
AP001,12/5/2017 9:00,99,131.5,1.82,19.93,12.1,13.27,0.1,19.5,122,0.2,1.52,0,192,Moderate
AP001,12/5/2017 10:00,86.75,126,1.32,18.73,11,12.62,0.08,17.03,131.8,0.3,1.47,0.08,191,Moderate
AP001,12/5/2017 11:00,101.25,120.5,1.55,16.25,9.95,12.3,0.1,11.4,144.03,0.2,1.47,0.05,195,Moderate
AP001,12/5/2017 12:00,146.75,112.25,1.3,14.68,8.85,12.93,0.1,117.62,146,0.2,1.73,0,207,Poor
AP001,12/5/2017 13:00,65.25,108.75,66.63,85.57,99.73,9.62,0.08,8.23,150.45,0.2,2.12,0,208,Poor
AP001,12/5/2017 14:00,67,108.25,1.05,16.65,9.73,16,0.1,8.15,153.85,0.2,2.85,0.03,210,Poor
AP001,12/5/2017 15:00,69.5,115.75,1.05,18.6,10.75,17.83,0.15,5.25,147.5,0.18,3.43,0,213,Poor
AP001,12/5/2017 16:00,68.25,109,1.13,16.28,9.55,14.4,0.1,5,142.6,0.2,3.45,0,216,Poor
AP001,12/5/2017 17:00,68,106.25,1.4,13.5,8.27,14.3,0.13,4.12,133.75,0.2,2.78,0,217,Poor
AP001,12/5/2017 18:00,64.5,104,1.25,15.4,9.25,10.85,0.08,5.93,119.57,0.13,2.8,0,216,Poor
AP001,12/5/2017 19:00,63.25,106,1.32,11.58,7.2,10.35,0.1,7.03,123,0.1,2.4,0,209,Poor
AP001,12/5/2017 20:00,62.75,94.75,0.88,9.12,5.55,10.55,0.1,7.08,129.85,0.2,1.9,0,200,Moderate
AP001,12/5/2017 21:00,70.25,99.75,0.48,10.25,5.85,10.7,0.1,7.48,130.83,0.2,2,0,194,Moderate
AP001,12/5/2017 22:00,78.25,109.25,1.25,12.75,7.8,11.65,0.1,7.92,122.98,0.2,2.25,0,195,Moderate
AP001,12/5/2017 23:00,83.5,115.25,0.78,16.88,9.6,13.53,0.1,8.38,117.6,0.23,2.82,0.05,195,Moderate
AP001,12/6/2017 0:00,88,122,0.77,19.78,11.18,13.58,0.1,7.95,94.57,0.3,3.62,0.1,196,Moderate
AP001,12/6/2017 1:00,94.75,133,1.15,27.85,15.77,13.88,0.1,8.4,87.2,0.33,4.15,0.15,197,Moderate
AP001,12/6/2017 2:00,104,142,0.65,27.02,14.93,12.85,0.05,6.85,87.23,0.35,4.22,0.1,198,Moderate
AP001,12/6/2017 3:00,104,142.75,0.33,26.07,14.12,14.15,0.08,6.73,66.65,0.38,4.77,0.1,198,Moderate
AP001,12/6/2017 4:00,100.5,140.5,0.7,20.22,11.33,13.23,0.08,6.55,74.02,0.3,4.95,0.1,196,Moderate
AP001,12/6/2017 5:00,98.25,125.75,0.63,15.28,8.65,12.67,0.1,6.65,106.8,0.28,3.15,0,195,Moderate
AP001,12/6/2017 6:00,97,124.5,0.7,17.15,9.67,13.97,0.1,7.95,106.33,0.2,2.52,0,192,Moderate
AP001,12/6/2017 7:00,103,134,0.85,17.4,9.95,17.48,0.1,10.05,106.33,0.3,2.52,0,190,Moderate
AP001,12/6/2017 8:00,117.25,148,1.68,23.38,13.82,18.2,0.1,17.35,103.4,0.35,2.85,0.1,192,Moderate
AP001,12/6/2017 9:00,128.75,170,1.65,25.88,15.12,17.82,0.1,24.32,118.08,0.4,2.95,0.13,196,Moderate
AP001,12/6/2017 10:00,111,157.25,1.1,19.58,11.25,15.5,0.15,21.22,143.57,0.38,2.95,0.08,199,Moderate
AP001,12/6/2017 11:00,92.5,132.5,1.3,19.08,11.2,11.75,0.1,10.77,147.5,0.25,2.62,0.08,198,Moderate
AP001,12/6/2017 12:00,81,117.75,1.5,18.03,10.77,11.23,0.1,,156.8,0.2,3.22,0.1,189,Moderate
AP001,12/6/2017 13:00,75.25,111.25,9.38,28.92,24.2,18.78,0.1,13.92,153.85,0.2,4.23,0.08,190,Moderate
AP001,12/6/2017 14:00,64.75,101.25,1.7,26.48,15.5,14.05,0.08,68.82,146.5,0.2,4.52,0.08,190,Moderate
AP001,12/6/2017 15:00,59.5,98.25,1.88,36.33,20.85,14.65,0.13,75.72,152.4,0.2,5.07,0.03,189,Moderate
AP001,12/6/2017 16:00,62.75,105.5,1.38,26.7,15.35,15.53,0.25,28.12,172.5,0.2,6.38,0,211,Poor
AP001,12/6/2017 17:00,64.75,114.25,1.55,28.48,16.4,15.23,0.2,14.45,171.5,0.2,7.67,0,211,Poor
AP001,12/6/2017 18:00,97.25,154.25,1.6,28.17,16.3,15.62,0.1,11.77,125.95,0.28,6.75,0.03,211,Poor
AP001,12/6/2017 19:00,136.5,205,2.23,38.22,22.15,13.3,0.1,9.47,87.73,0.3,5.3,0.1,211,Poor
AP001,12/6/2017 20:00,116,185.25,1.82,28.4,16.57,12.97,0.1,8.6,107.3,0.33,5.1,0.1,211,Poor
AP001,12/6/2017 21:00,113.25,163.75,1.62,35.7,20.28,13.55,0.1,7.68,92.12,0.3,4.5,0.1,216,Poor
AP001,12/6/2017 22:00,110.25,164,1.58,35.3,20.07,21.18,0.08,4,99.47,0.3,5.45,0.08,220,Poor
AP001,12/6/2017 23:00,103.75,152,0.6,26.15,14.38,21.77,0.18,3.05,105.35,0.35,7.43,0.08,223,Poor
AP001,12/7/2017 0:00,118,161,0.82,34.03,18.75,18.3,0.43,3.73,91.17,0.4,7.93,0.15,227,Poor
AP001,12/7/2017 1:00,119.25,162.75,0.4,30.4,16.47,17.6,0.85,5.33,75.93,0.4,8.67,0.13,230,Poor
AP001,12/7/2017 2:00,120,162.25,0.25,27.6,14.88,15.77,0.05,8,91.12,0.4,8.83,0.2,233,Poor
AP001,12/7/2017 3:00,110.75,146.75,0.4,24.07,13.12,14.5,0.03,8.48,71.55,0.4,7.6,0.13,234,Poor
AP001,12/7/2017 4:00,113.25,156.25,0.43,47.43,25.55,13.72,0.08,7.55,17.13,0.4,7.42,0.13,235,Poor
AP001,12/7/2017 5:00,122.75,168.75,0.13,41.18,22,13.95,0.05,6.23,27.45,0.4,6.6,0.18,239,Poor
AP001,12/7/2017 6:00,119.5,165.5,0.55,30.23,16.55,14.75,0,5.95,33.8,0.38,6.35,0.13,242,Poor
AP001,12/7/2017 7:00,114,162.75,2.25,39.45,22.83,15.95,0.08,6.2,32.35,0.38,6.2,0.18,243,Poor
AP001,12/7/2017 8:00,121.25,175.5,2.7,34.95,20.8,18.38,0.1,6.9,48.02,0.5,6.4,0.23,244,Poor
AP001,12/7/2017 9:00,124.5,179.75,2.55,31.12,18.65,17.45,0.1,13.92,86.75,0.5,6.67,0.25,243,Poor
AP001,12/7/2017 10:00,117,192,1.45,21.85,12.75,16.82,0.1,29.95,139.15,0.43,5.88,0.15,244,Poor
AP001,12/7/2017 11:00,99,150,1.15,20.9,12.1,17.15,0.1,34.9,147.95,0.3,3.9,0.1,245,Poor
AP001,12/7/2017 12:00,105.5,172,2.45,42,24.3,17.72,0.1,,143.58,0.3,4.4,0.1,248,Poor
AP001,12/7/2017 13:00,107.25,194.25,67.25,111.77,114.18,12.83,0.1,143.62,148.47,0.3,5.18,0.1,253,Poor
AP001,12/7/2017 14:00,104.5,177.25,3.05,61.93,35.4,19.67,0.15,156.67,137.2,0.23,5.95,0.08,258,Poor
AP001,12/7/2017 15:00,90.5,164,1.97,36.8,21.18,20.43,0.2,88.2,152.38,0.23,6.85,0.03,263,Poor
AP001,12/7/2017 16:00,79.25,144,0.83,23,12.9,21.07,0.13,26.47,161.73,0.2,6.77,0.05,265,Poor
AP001,12/7/2017 17:00,80.5,134.25,0.52,19.08,10.55,14.02,0.1,20.52,165.12,0.2,6.8,0,267,Poor
AP001,12/7/2017 18:00,99,161.25,1.45,25.7,14.88,15.28,0.1,18.88,143.57,0.2,5.2,0.03,267,Poor
AP001,12/7/2017 19:00,123.25,201.25,1.35,37.15,20.85,15.17,0.1,18.8,129.85,0.28,4.18,0.1,266,Poor
AP001,12/7/2017 20:00,126.75,224,2.58,54.62,31.12,15.6,0.08,15.6,79.38,0.33,4.45,0.45,267,Poor
AP001,12/7/2017 21:00,148.75,251.75,2.23,74.57,41.47,19.05,0.05,15.45,50.97,0.5,5.58,0.62,272,Poor
AP001,12/7/2017 22:00,183.25,287.25,2.85,61.25,34.9,19.98,0.03,13.83,58.82,0.5,5.53,0.4,282,Poor
AP001,12/7/2017 23:00,171.25,264.75,2.58,55.27,31.5,30.9,0.08,6.95,37.75,0.5,5.68,0.18,292,Poor
AP001,12/8/2017 0:00,185.5,281.25,1.38,50.55,28.02,28.3,0.32,4.95,77.4,0.48,6.52,0.15,300,Poor
AP001,12/8/2017 1:00,156.5,221.25,1.88,56.7,31.67,19.4,0.68,8,53.9,0.4,7.88,0.1,301,Very Poor
AP001,12/8/2017 2:00,167.75,244.5,0.58,47.78,25.88,17.35,0.2,9.1,32.82,0.4,7.95,0.23,303,Very Poor
AP001,12/8/2017 3:00,184,268.25,0.48,59.62,32.15,17.38,0,10.25,21.55,0.43,7.52,0.28,305,Very Poor
AP001,12/8/2017 4:00,194.75,267.5,2.18,66.7,37.25,16.9,0,9.95,14.73,0.43,7.07,0.3,308,Very Poor
AP001,12/8/2017 5:00,173,240,0.92,41.83,23,15.95,0.03,8.1,35.77,0.4,6.18,0.28,310,Very Poor
AP001,12/8/2017 6:00,147.5,202.75,1.35,41.77,23.3,18.45,0.13,8.38,36.28,0.4,5.45,0.2,310,Very Poor
AP001,12/8/2017 7:00,157.5,221.5,2.55,51.85,29.7,22.82,0.23,9.32,30.35,0.48,6.73,0.18,312,Very Poor
AP001,12/8/2017 8:00,168.25,243.25,7.52,59.18,37.58,18.68,0.37,9.6,21.08,0.53,5.45,0.18,313,Very Poor
AP001,12/8/2017 9:00,152.5,263.25,6.58,51.9,32.98,18.65,0.08,18.8,60.27,0.5,7.6,0.38,314,Very Poor
AP001,12/8/2017 10:00,153.25,246.25,2.55,35.87,21.18,19.05,0.1,25.4,107.3,0.55,7.12,0.33,315,Very Poor
AP001,12/8/2017 11:00,142,238,2.2,32.15,18.85,17.85,0.1,29.4,133.3,0.5,6.15,0.25,317,Very Poor
AP001,12/8/2017 12:00,124.25,226.25,4.77,65.8,38.9,16.75,0.1,,115.65,0.33,4.4,0.15,317,Very Poor
AP001,12/8/2017 13:00,105.75,200.5,68.75,119.97,119.73,16.7,0.61,188.88,131.8,0.25,4.12,0.1,317,Very Poor
AP001,12/8/2017 14:00,88,165.75,4.57,67.2,39.45,18.62,0.72,,107.78,0.2,4.33,0.1,317,Very Poor
AP001,12/8/2017 15:00,67.75,127.5,2.65,28.38,17.22,17.03,0.38,64.13,125.93,0.18,4.85,0.08,316,Very Poor
AP001,12/8/2017 16:00,51.25,103.75,2.4,24.28,14.88,17,0.33,17.78,128.88,0.1,4.92,0.03,315,Very Poor
AP001,12/8/2017 17:00,48.5,114,1.55,28.05,16.2,12.35,0.77,16.45,123.98,0.1,4.63,0.05,314,Very Poor
AP001,12/8/2017 18:00,51,113.75,1.72,45.23,25.45,11.35,0.17,13.17,89.67,0.1,4.8,0.08,313,Very Poor
AP001,12/8/2017 19:00,64.75,169,1.55,55.23,30.63,15.83,0.05,14,71.05,0.28,4.98,0.2,311,Very Poor
AP001,12/8/2017 20:00,79,220,2.33,68.18,38.15,23.4,0.03,8.22,46.02,0.3,5.07,0.13,309,Very Poor
AP001,12/8/2017 21:00,85,223,3.38,68.15,38.97,25.45,0.05,8.27,39.7,0.45,7.27,0.25,307,Very Poor
AP001,12/8/2017 22:00,100,206.5,3.68,72.53,41.57,12.08,0.95,11.3,21.1,0.48,10.18,0.5,304,Very Poor
AP001,12/8/2017 23:00,101.25,205,6.02,78.05,46.43,13.73,0.05,11.83,20.07,0.4,9.62,0.55,302,Very Poor
AP001,12/9/2017 0:00,81.75,175.5,4.3,71.67,41.62,12.88,0.05,9.43,12.28,0.33,8.65,0.38,295,Poor
AP001,12/9/2017 1:00,79.75,158.75,1.22,42.37,23.53,16,0.08,14.75,42.62,0.3,8.03,0.33,285,Poor
AP001,12/9/2017 2:00,94.75,156.5,0.7,37.32,20.4,23.92,0.08,11.7,29.4,0.3,7.25,0.25,274,Poor
AP001,12/9/2017 3:00,97.25,151.5,0.43,36.15,19.53,19.6,0.25,13.1,22.52,0.3,6.67,0.1,262,Poor
AP001,12/9/2017 4:00,96.25,147,0.53,28.88,15.77,17.45,0.08,11.65,23.05,0.3,6.25,0.2,249,Poor
AP001,12/9/2017 5:00,89.75,138.5,1.08,39.47,21.88,16.25,0.1,10.22,18.15,0.3,5.93,0.15,237,Poor
AP001,12/9/2017 6:00,85.75,136,1.7,26.02,15.2,15.97,0.05,10.23,27.47,0.3,5.75,0.15,229,Poor
AP001,12/9/2017 7:00,83,124.25,1.23,22.18,12.77,16.62,0.1,10.33,33.32,0.3,5.78,0.15,218,Poor
AP001,12/9/2017 8:00,77,125,2.45,28.98,17.42,17.35,0.1,10.3,31.35,0.3,4.9,0.1,205,Poor
AP001,12/9/2017 9:00,82.75,128.25,1.9,22.28,13.4,17.18,0.1,14.35,54.9,0.3,4.45,0.15,196,Moderate
AP001,12/9/2017 10:00,78.75,131.25,1.45,21.98,12.85,23.35,0.08,16.3,81.35,0.3,4.12,0.1,185,Moderate
AP001,12/9/2017 11:00,78,138,6.73,54.3,34.32,28.45,0,68.3,96.53,0.3,4.73,0.03,177,Moderate
AP001,12/9/2017 12:00,73.25,162.25,4.88,54.02,32.75,13.82,0.25,,102.9,0.18,5.17,0.05,169,Moderate
AP001,12/9/2017 13:00,71.5,180.5,67.82,108.5,112.88,9.88,0.1,114.7,115.65,0.2,3.47,0,165,Moderate
AP001,12/9/2017 14:00,59.75,147.5,1.95,17.8,11.07,13.85,0.08,14,122,0.15,2.17,0,161,Moderate
AP001,12/9/2017 15:00,44.5,101.25,0.83,14.72,8.5,12.5,0.08,10.55,117.62,0.1,1.63,0,158,Moderate
AP001,12/9/2017 16:00,37,85.75,10.68,49.17,34.85,9.4,0.1,15.5,102.42,0.1,1.65,0,156,Moderate
AP001,12/9/2017 17:00,40.5,96.5,2.3,42.1,24.25,11.42,0.1,50.85,99.98,0.1,2.58,0.03,154,Moderate
AP001,12/9/2017 18:00,54.75,118,3.5,58.87,34.12,10.03,0.1,14.37,79.87,0.18,3.73,0.13,155,Moderate
AP001,12/9/2017 19:00,68.25,138,17.1,77.02,54.85,12.1,0.08,15.22,66.63,0.25,4.1,0.33,155,Moderate
AP001,12/9/2017 20:00,79.75,165,7.55,75.85,46.5,12.67,0.05,15.83,40.68,0.33,4.17,0.33,156,Moderate
AP001,12/9/2017 21:00,88,189.5,4.6,76.42,44.43,12.17,0.03,19,43.13,0.43,4.75,0.43,156,Moderate
AP001,12/9/2017 22:00,70.25,151.5,0.65,37.2,20.3,14.02,0.05,17.38,45.57,0.3,4.38,0.28,152,Moderate
AP001,12/9/2017 23:00,70.5,143,0.88,36.1,19.88,20.7,0.1,15.6,45.57,0.3,4.68,0.2,148,Moderate
AP001,12/10/2017 0:00,68.25,150.25,10,86,53.88,25.08,0,11.85,16.68,0.3,5.38,0.1,146,Moderate
AP001,12/10/2017 1:00,65.75,148,2.47,64.75,36.45,14.88,0.58,14.85,25.47,0.3,7.3,0.1,144,Moderate
AP001,12/10/2017 2:00,66.25,132.5,1.03,45.1,24.8,11.17,0.18,17.08,31.35,0.25,7.95,0.15,140,Moderate
AP001,12/10/2017 3:00,67.75,132,0.38,37.38,20.17,10.12,0.03,13.35,27.42,0.2,6.85,0.1,136,Moderate
AP001,12/10/2017 4:00,61.5,106,1.12,47.6,26.28,10.17,0.03,12.22,15.2,0.2,6.05,0.1,131,Moderate
AP001,12/10/2017 5:00,61.75,96,2.12,44.1,25.15,11.65,0.05,14.57,28.9,0.2,5.35,0.1,127,Moderate
AP001,12/10/2017 6:00,57.5,83.25,0.18,26.93,14.48,13.1,0.05,14.03,36.73,0.2,4.93,0.1,123,Moderate
AP001,12/10/2017 7:00,53,75.5,0.83,19.7,11.15,14.45,0.1,7.38,33.82,0.2,4.48,0.1,120,Moderate
AP001,12/10/2017 8:00,51.25,72.25,2.45,23.6,14.53,13.7,0.1,6.68,35.77,0.2,4.15,0.1,119,Moderate
AP001,12/10/2017 9:00,54,83.25,1.7,19.43,11.73,13.93,0.1,10.85,57.3,0.2,3.8,0.08,117,Moderate
AP001,12/10/2017 10:00,51.75,97.75,1.65,23.95,14.05,13,0.1,20.97,84.3,0.2,4,0.05,116,Moderate
AP001,12/10/2017 11:00,49.25,96.5,1.72,19.33,11.65,12.52,0.1,25.73,106.35,0.18,3.72,0,115,Moderate
AP001,12/10/2017 12:00,32,74.75,1.15,14.48,8.65,10.9,0.1,7.58,117.1,0.1,2.9,0,125,Moderate
AP001,12/10/2017 13:00,23.25,64.5,1.43,12.6,7.85,11.07,0.1,10.88,112.72,0.1,2.37,0,125,Moderate
AP001,12/10/2017 14:00,23.5,53.25,1.78,17.6,10.8,11.77,0.1,10.75,118.1,0.1,2.32,0,127,Moderate
AP001,12/10/2017 15:00,22,50.75,1.58,16.07,9.83,11.2,0.1,10.15,124.93,0.1,2.32,0,137,Moderate
AP001,12/10/2017 16:00,22.25,50.5,1.5,17,10.25,10.75,0.1,11.03,120.57,0.1,2.25,0,137,Moderate
AP001,12/10/2017 17:00,25.25,58.25,0.82,15.12,8.75,10.08,0.1,10.88,126.92,0.1,2.88,0,140,Moderate
AP001,12/10/2017 18:00,32,77,0.47,32.13,17.45,9.95,0.1,10.9,106.8,0.1,3.55,0,140,Moderate
AP001,12/10/2017 19:00,52.5,174.5,0.35,35.08,18.9,11.15,0.1,20.1,95.55,0.2,4.02,0.13,140,Moderate
AP001,12/10/2017 20:00,70.25,163,2.2,60.38,33.95,12.3,0.03,23.95,56.35,0.3,4.48,0.25,140,Moderate
AP001,12/10/2017 21:00,67.5,155.5,2.22,47.02,26.82,12.25,0.03,15.8,60.75,0.33,4.12,0.25,140,Moderate
AP001,12/10/2017 22:00,62.5,129.75,1.47,46.23,25.75,12.83,0.08,13.87,46.55,0.35,3.78,0.45,140,Moderate
AP001,12/10/2017 23:00,66.75,141.5,0.97,40.7,22.43,13.47,0.1,12.1,49.98,0.3,4.07,0.3,140,Moderate
AP001,12/11/2017 0:00,64,118.75,0.55,35.28,19.22,16.35,0.1,14.22,65.18,0.3,3.42,0.25,140,Moderate
AP001,12/11/2017 1:00,57,99.5,0.2,24.4,13.2,21.13,0.3,12.93,68.6,0.25,3.68,0.03,110,Moderate
AP001,12/11/2017 2:00,54.75,100.75,0.82,32.23,17.8,18.3,0.38,13.53,47.53,0.3,5.45,0.05,98,Satisfactory
AP001,12/11/2017 3:00,57.5,117.75,1.95,62.37,34.78,22.65,0.38,7.73,20.57,0.3,6.12,0.08,98,Satisfactory
AP001,12/11/2017 4:00,59.75,137.75,3.05,66.42,37.77,26,0.12,2.35,5.88,0.33,6.25,0.1,99,Satisfactory
AP001,12/11/2017 5:00,63.75,116.75,1.03,51.52,28.15,20.47,0.48,1.3,25,0.38,5.75,0.1,100,Satisfactory
AP001,12/11/2017 6:00,70,111.75,0.52,26.45,14.37,11,0.38,10.1,26.45,0.23,7.67,0.13,101,Moderate
AP001,12/11/2017 7:00,72.75,115.75,1.08,35.17,19.6,9.88,0.05,8.85,12.75,0.3,6.73,0.2,102,Moderate
AP001,12/11/2017 8:00,72,112,2.83,29.8,18.15,10.05,0.03,7.85,22.53,0.23,5.08,0.2,103,Moderate
AP001,12/11/2017 9:00,60,95,3.37,25.35,16.22,11.8,0.1,13.7,50.95,0.3,4.07,0.2,103,Moderate
AP001,12/11/2017 10:00,59.25,107.75,3.68,29.65,18.78,23,0.13,18.77,80.38,0.2,3.8,0.08,103,Moderate
AP001,12/11/2017 11:00,40.5,93,2.13,29.2,17.23,17.75,0.18,12.97,101.93,0.2,5.18,0,103,Moderate
AP001,12/11/2017 12:00,39,88,4.38,37.83,23.68,8.25,0.13,,108.3,0.15,5.12,0.08,112,Moderate
AP001,12/11/2017 13:00,38,89,68.03,93.75,105.2,8.4,0.1,67.1,133.75,0.1,4.35,0.08,150,Moderate
AP001,12/11/2017 14:00,36,86.75,1.25,17.05,10.1,13.13,0.1,37.1,153.35,0.1,4.95,0.05,178,Moderate
AP001,12/11/2017 15:00,30.5,81.25,0.53,16.2,9.07,12.93,0.08,30.5,165.15,0.1,5.58,0.03,196,Moderate
AP001,12/11/2017 16:00,33.75,86.5,0.95,21.4,12.17,12.25,0.08,32.72,170.03,0.1,6.3,0,205,Poor
AP001,12/11/2017 17:00,40.25,94.75,0.6,25.9,14.25,11.85,0.1,32.93,168.57,0.1,6.53,0,205,Poor
AP001,12/11/2017 18:00,47.5,120.25,3.25,69.3,39.47,10.4,0.1,29.28,109.75,0.13,7.25,0.18,205,Poor
AP001,12/11/2017 19:00,53.75,154,6.88,83.82,50.15,11.07,0.1,24.08,75.92,0.2,7.02,0.33,205,Poor
AP001,12/11/2017 20:00,57.5,139.25,2.3,36.72,21.4,14.85,0.08,14.3,60.77,0.25,6.12,0.35,205,Poor
AP001,12/11/2017 21:00,106,177.5,2.97,48.65,28.35,16.98,0.05,11.32,39.22,0.33,4.62,0.3,205,Poor
AP001,12/11/2017 22:00,99.75,173.75,3.72,56.22,32.95,17.52,0.1,9.58,27.95,0.33,4.95,0.3,205,Poor
AP001,12/11/2017 23:00,90,149,2.3,44.67,25.65,18.88,0.1,9.3,29.38,0.38,6.33,0.67,205,Poor
AP001,12/12/2017 0:00,109,162,1.6,52,28.98,18.07,0.1,10.15,24.5,0.4,6.83,0.38,201,Poor
AP001,12/12/2017 1:00,126.5,178.25,9.73,76.55,48.6,19.05,0.1,9.5,8.83,0.4,7.25,0.48,114,Moderate
AP001,12/12/2017 2:00,135.75,191.5,9.05,68.7,43.9,18.7,0.08,8.5,10.3,0.4,7.33,0.53,122,Moderate
AP001,12/12/2017 3:00,140,188.5,8.53,61.45,39.6,26.55,0.03,6.68,7.33,0.4,7.05,0.38,134,Moderate
AP001,12/12/2017 4:00,138.5,180,12.68,67.05,46.02,30.4,0.37,4.53,5.88,0.4,7.27,0.25,144,Moderate
AP001,12/12/2017 5:00,140,191.75,12.97,70.55,48.12,34.05,0.23,2.68,5.9,0.43,8.13,0.15,155,Moderate
AP001,12/12/2017 6:00,129,180,15.4,64.35,46.75,22.8,1.47,6.02,5.9,0.38,7.5,0.2,163,Moderate
AP001,12/12/2017 7:00,122,174.25,9.98,49.45,34.4,18.9,0.62,7.65,6.38,0.43,10,0.3,170,Moderate
AP001,12/12/2017 8:00,117.25,174.5,7.23,42.4,28.4,23.42,0.52,8.65,11.28,0.5,9.53,0.28,176,Moderate
AP001,12/12/2017 9:00,108.5,170.5,3.15,28.05,17.45,21.65,0.5,7.78,34.77,0.4,8.75,0.25,183,Moderate
AP001,12/12/2017 10:00,91.25,152.25,2.43,21.43,13.42,18.15,0.25,7.45,55.37,0.33,8.05,0.18,188,Moderate
AP001,12/12/2017 11:00,67.25,112.75,2.6,20.38,12.95,20.25,0.05,6.43,68.6,0.2,6.93,0.13,191,Moderate
AP001,12/12/2017 12:00,51.5,85.5,2.12,16.23,10.38,24.97,0.1,,73.98,0.15,5.95,0.1,193,Moderate
AP001,12/12/2017 13:00,37.75,66.25,67.37,87.2,101.18,17.72,0.1,6.42,79.4,0.1,5.32,0.08,193,Moderate
AP001,12/12/2017 14:00,36.75,61.25,3,24.4,15.4,20.5,0.08,5.25,84.75,0.1,5.62,0.05,193,Moderate
AP001,12/12/2017 15:00,36.75,69.75,3.22,24.88,15.87,16.05,0.1,7.62,95.55,0.1,5.95,0.03,194,Moderate
AP001,12/12/2017 16:00,39,66,1.45,16.5,10.03,17.03,0.1,9.53,110.25,0.1,5.98,0.08,195,Moderate
AP001,12/12/2017 17:00,41,62.5,1.62,22.03,13.08,20.15,0.15,18.82,121.05,0.1,6.45,0.03,195,Moderate
AP001,12/12/2017 18:00,43.25,75.25,3.08,43.45,25.62,18.1,0.15,8.93,88.7,0.1,5.72,0.05,194,Moderate
AP001,12/12/2017 19:00,56.25,108.75,2.1,26,15.52,31.3,0.05,3.7,56.35,0.2,7.05,0.05,195,Moderate
AP001,12/12/2017 20:00,82.5,112.25,1.65,29.35,16.95,25.65,0.15,3.2,43.62,0.2,5.75,0,198,Moderate
AP001,12/12/2017 21:00,108.25,133,3.68,31.35,19.67,16.57,0.15,7.42,27.42,0.28,6,0.13,198,Moderate
AP001,12/12/2017 22:00,108.75,146.75,3.58,34.22,21.12,16.48,0.2,6.73,23.5,0.3,6.75,0.18,200,Moderate
AP001,12/12/2017 23:00,77.75,112,3.12,32.4,19.8,13.25,0.08,7,22.53,0.28,7,0.18,198,Moderate
AP001,12/13/2017 0:00,70.25,105.5,3.5,50.27,29.58,14.33,0.05,7.43,10.28,0.23,6.57,0.2,192,Moderate
AP001,12/13/2017 1:00,81.25,128.5,5.15,48.97,30.25,14.62,0.03,6.85,9.8,0.3,6.67,0.3,186,Moderate
AP001,12/13/2017 2:00,94.75,144.5,16.38,63.47,47.08,16.87,0,6.67,5.88,0.3,6.6,0.3,180,Moderate
AP001,12/13/2017 3:00,92.5,132,21.2,72.75,55.9,20.45,0.05,6.03,3.93,0.3,6.88,0.3,174,Moderate
AP001,12/13/2017 4:00,77.75,121.75,14.67,59.8,43.72,23.83,0.6,4.13,4.4,0.3,7.5,0.2,165,Moderate
AP001,12/13/2017 5:00,72.5,107,2.47,39.07,22.82,21.17,0.63,3.95,8.83,0.4,9.9,0.23,156,Moderate
AP001,12/13/2017 6:00,65.75,95.75,5.78,38.67,25.25,28.92,0.22,1.1,9.3,0.3,8.47,0.1,147,Moderate
AP001,12/13/2017 7:00,58,77.25,2.45,30.1,18,13.62,0.2,4.1,11.75,0.25,8.62,0.13,138,Moderate
AP001,12/13/2017 8:00,53.75,66.75,3.82,26.55,17.2,12.88,0.05,7.12,23.02,0.3,8.33,0.2,130,Moderate
AP001,12/13/2017 9:00,49.25,61.5,2.83,19.05,12.45,14.25,0.03,7.17,32.82,0.3,6.77,0.18,121,Moderate
AP001,12/13/2017 10:00,46.5,68.75,1.7,13.42,8.55,15.65,0.08,6.78,55.85,0.2,5.3,0.1,115,Moderate
AP001,12/13/2017 11:00,45.25,77.25,3.55,14.85,10.83,21.78,0.1,8,74,0.2,4.58,0.1,112,Moderate
AP001,12/13/2017 12:00,46,78,1.62,17.67,10.7,37.8,0.1,,96.07,0.2,4.58,0.1,111,Moderate
AP001,12/13/2017 13:00,54.75,84.25,65.22,89.15,100.5,12.17,0.13,6.8,113.2,0.18,5.02,0.08,119,Moderate
AP001,12/13/2017 14:00,55,95.75,1.45,19,11.27,14.78,0.1,6.7,123.98,0.2,4.85,0.1,135,Moderate
AP001,12/13/2017 15:00,59.5,89,2.05,18.35,11.4,13.05,0.1,6.98,125.9,0.2,5.3,0.05,138,Moderate
AP001,12/13/2017 16:00,63,93.25,2.6,28.1,17.08,17,0.1,6.75,131.32,0.2,5.08,0.1,146,Moderate
AP001,12/13/2017 17:00,66.75,110.25,0.97,19.58,11.18,20.72,0.28,4.93,126.92,0.2,5.25,0.05,146,Moderate
AP001,12/13/2017 18:00,64.5,108,1.5,25.57,14.83,15.5,0.18,6.2,83.3,0.18,5.38,0.05,146,Moderate
AP001,12/13/2017 19:00,78,144,3.95,43.13,26.18,11.58,0.1,6.12,49.97,0.18,5.1,0.1,146,Moderate
AP001,12/13/2017 20:00,71.5,148,3.83,27.17,17.58,14.37,0.1,5.42,30.38,0.25,5.05,0.15,146,Moderate
AP001,12/13/2017 21:00,62.5,98.5,2.95,30.07,18.38,14.8,0.1,5.32,20.58,0.23,4.57,0.1,146,Moderate
AP001,12/13/2017 22:00,63.75,88,1.75,21.55,12.88,16.3,0.1,4.75,23.53,0.2,4.95,0.1,146,Moderate
AP001,12/13/2017 23:00,53.25,70.25,1.5,18.42,11,16.73,0.05,4.23,28.92,0.23,5.33,0.1,146,Moderate
AP001,12/14/2017 0:00,51,71,1.28,17.05,10.13,17.12,0.03,3.98,30.87,0.23,5.45,0.1,140,Moderate
AP001,12/14/2017 1:00,51.25,72.5,10.42,63.05,41.98,15.72,0.05,4.52,5.38,0.2,5.48,0.1,108,Moderate
AP001,12/14/2017 2:00,56.75,85,3.43,38.45,23.25,16.45,0.03,4.37,12.28,0.2,5.65,0.13,103,Moderate
AP001,12/14/2017 3:00,71,91,2.15,39.87,22.95,15.35,0.03,4.85,4.88,0.28,5.98,0.2,100,Satisfactory
AP001,12/14/2017 4:00,74.25,95.5,4.02,40.23,24.65,15.65,0.03,5.7,6.88,0.38,7.1,0.38,100,Satisfactory
AP001,12/14/2017 5:00,84,109,4.83,40.8,25.6,16.72,0.03,6.75,6.85,0.4,8.28,0.45,101,Moderate
AP001,12/14/2017 6:00,73.25,102.5,3.17,30.7,18.92,17.2,0.03,5.6,11.75,0.35,6.98,0.28,102,Moderate
AP001,12/14/2017 7:00,61,86.5,7.3,32.75,23.4,17.72,0.08,4.92,13.23,0.3,5.65,0.2,102,Moderate
AP001,12/14/2017 8:00,71,99.75,5.7,32.35,21.85,17.48,0.03,4.22,27.45,0.33,5.6,0.25,105,Moderate
AP001,12/14/2017 9:00,81.25,104.75,2.95,16.9,11.35,18.77,0.1,4.07,49,0.25,4.17,0.18,109,Moderate
AP001,12/14/2017 10:00,74.75,95.75,5.3,26.57,18.45,19.1,0.1,5.12,61.72,0.2,2.4,0.1,113,Moderate
AP001,12/14/2017 11:00,70,97.25,2.45,20.58,12.92,25.7,0.1,6.05,79.35,0.2,3.12,0.1,116,Moderate
AP001,12/14/2017 12:00,62.5,91,2.3,14.25,9.42,19.73,0.1,,90.65,0.15,3.57,0.13,119,Moderate
AP001,12/14/2017 13:00,57,87.25,65.38,84.47,98.15,13.8,0.1,6.45,98,0.1,3.9,0.08,119,Moderate
AP001,12/14/2017 14:00,54.75,87.75,1.78,15.9,9.95,20.45,0.1,6.25,103.43,0.1,4.35,0.03,119,Moderate
AP001,12/14/2017 15:00,61,90.25,1.77,21.45,12.85,21.83,0.1,6.27,109.3,0.15,4.42,0.1,119,Moderate
AP001,12/14/2017 16:00,69.5,98.5,1.38,20.82,12.2,22.32,0.1,6.3,103.88,0.2,3.55,0.08,120,Moderate
AP001,12/14/2017 17:00,60.75,95.75,1.93,18.12,11.2,21.33,0.1,7,93.6,0.1,3.6,0.08,119,Moderate
AP001,12/14/2017 18:00,71.75,111,2.8,27.17,16.75,24.72,0.23,7.95,78.38,0.18,3.93,0.05,120,Moderate
AP001,12/14/2017 19:00,89,142.25,2.45,32.45,19.25,25.88,0.65,8.98,66.15,0.2,5.5,0.1,122,Moderate
AP001,12/14/2017 20:00,88,140,2,27.55,16.28,24.07,0.65,6.93,62.7,0.28,6,0.08,124,Moderate
AP001,12/14/2017 21:00,81.75,117.75,1.8,25.28,14.9,20.42,0.28,4.58,57.82,0.23,5.75,0.03,127,Moderate
AP001,12/14/2017 22:00,73.75,104,1.75,20.5,12.35,19.2,0.25,5.75,64.2,0.2,5.98,0.05,128,Moderate
AP001,12/14/2017 23:00,76.25,98.5,1.15,12.03,7.38,17.53,0.13,6.85,82.33,0.2,5.7,0.03,131,Moderate
AP001,12/15/2017 0:00,68,91,1.12,12.17,7.37,17.7,0.1,7.9,73,0.1,4.1,0,134,Moderate
AP001,12/15/2017 1:00,70.5,94.25,0.85,16.33,9.35,18.15,0.08,6,56.85,0.15,4.22,0,136,Moderate
AP001,12/15/2017 2:00,70,98,0.6,25.17,13.88,17.97,0.1,4.75,41.68,0.2,4.83,0.05,138,Moderate
AP001,12/15/2017 3:00,75.25,101,1.42,24.3,14.08,20.45,0.1,4.17,35.77,0.2,5,0.1,139,Moderate
AP001,12/15/2017 4:00,79.75,106.75,0.73,22.02,12.3,23.22,0.13,1.53,45.57,0.2,5.42,0.03,140,Moderate
AP001,12/15/2017 5:00,71,96.25,0.23,14.58,7.9,15.03,0.13,3.77,64.65,0.2,3.78,0,138,Moderate
AP001,12/17/2017 11:00,87.75,121.25,1.18,15.1,9.02,19.85,0.1,16.37,126.42,0.23,3.8,0.08,231,Poor
AP001,12/17/2017 12:00,81,113,1.08,18.95,10.95,20.62,0.1,15.48,138.7,0.2,3.38,0.1,233,Poor
AP001,12/17/2017 13:00,71.5,114.25,0.72,12.05,6.98,17.5,0.1,22.55,142.1,0.18,2.77,0.1,234,Poor
AP001,12/17/2017 14:00,67,106.5,0.65,12.4,7.12,20.43,0.1,24.97,141.6,0.1,2.7,0,235,Poor
AP001,12/17/2017 15:00,64.75,103,0.28,12.57,6.92,18.95,0.1,29.4,149.92,0.1,1.87,0,235,Poor
AP001,12/17/2017 16:00,65,108.25,0.28,11.75,6.52,17.35,0.1,32.03,147.97,0.1,1.77,0,235,Poor
AP001,12/17/2017 17:00,62.25,108.5,0.32,13.25,7.32,16.7,0.1,27.53,138.65,0.1,1.77,0,235,Poor
AP001,12/17/2017 18:00,75.5,121.5,1.15,20.27,11.72,18.18,0.1,21.95,119.05,0.13,2.1,0,239,Poor
AP001,12/17/2017 19:00,90.5,152,0.75,35.02,19.25,17.65,0.1,19.83,98,0.2,3.1,0.13,243,Poor
AP001,12/17/2017 20:00,113.75,203,2.7,78.05,43.68,19.62,0.13,20.73,57.33,0.38,3.85,0.45,248,Poor
AP001,12/17/2017 21:00,136.5,218.25,0.58,57.48,31.05,19.28,0.05,16.4,58.8,0.48,4.72,0.72,253,Poor
AP001,12/17/2017 22:00,121,192,4.92,58.48,35.08,19.23,0.05,15.38,53.9,0.45,4.98,0.58,255,Poor
AP001,12/17/2017 23:00,135,214.25,4.48,68.15,39.9,17.88,0.08,14.53,40.67,0.4,5.12,0.4,260,Poor
AP001,12/18/2017 0:00,138.75,220,5.38,77.52,45.6,19.68,0.08,11.25,15.17,0.4,5.15,0.38,264,Poor
AP001,12/18/2017 1:00,135,282.25,11.82,86.73,55.75,18.03,0.05,10.9,8.33,0.3,5.1,0.3,265,Poor
AP001,12/18/2017 2:00,141.25,269.25,15.57,100.95,66.35,19.9,0.08,10.97,9.33,0.35,5.02,0.3,266,Poor
AP001,12/18/2017 3:00,127.75,202,5.12,86.45,50.15,16.35,0.03,9.73,9.3,0.38,5.48,0.3,265,Poor
AP001,12/18/2017 4:00,115,187.75,4.62,63.03,37.32,18.52,0.03,8.6,8.33,0.33,5.33,0.2,261,Poor
AP001,12/18/2017 5:00,122.25,209.75,1.48,43.38,24.22,17.17,0.08,7.42,13.73,0.3,5.12,0.2,259,Poor
AP001,12/18/2017 6:00,118.25,206.25,15.65,78.55,54.52,19.07,0.05,8.92,6.38,0.3,4.8,0.2,256,Poor
AP001,12/18/2017 7:00,123.25,258.75,7,56.27,35.6,20.5,0.08,7.43,11.75,0.33,4.88,0.2,256,Poor
AP001,12/18/2017 8:00,127.25,238,15.97,73.82,52.25,21.3,0.08,9.02,15.23,0.4,5.23,0.28,256,Poor
AP001,12/18/2017 9:00,123.25,186.75,3.7,39.2,23.88,20.83,0.05,13.72,55.35,0.35,5.05,0.25,254,Poor
AP001,12/18/2017 10:00,102.25,149.25,2.4,26.05,15.8,21.9,0.1,16.85,91.62,0.28,4.3,0.18,254,Poor
AP001,12/18/2017 11:00,,,,,0,,0,,,0,0,0,256,Poor
AP001,12/18/2017 12:00,33,53,0.7,7.3,4.45,11.47,0.05,17.95,62.23,0.1,1.68,0.03,249,Poor
AP001,12/18/2017 13:00,67.75,105.5,66.75,86.48,100.32,17.97,0.13,18.48,131.8,0.15,2.95,0,249,Poor
AP001,12/18/2017 14:00,62,103.25,1.32,18.7,11,20.63,0.15,18.88,135.7,0.1,2.45,0,248,Poor
AP001,12/18/2017 15:00,56.5,98,0.75,15.42,8.83,16.28,0.1,19.05,140.13,0.1,1.32,0,247,Poor
AP001,12/18/2017 16:00,57.25,90.25,1.52,20.55,12.2,17.15,0.1,19.57,144.03,0.1,1.75,0,246,Poor
AP001,12/18/2017 17:00,57.5,98.5,1.47,22.43,13.15,16.92,0.08,19.17,141.6,0.1,2.22,0,245,Poor
AP001,12/18/2017 18:00,37.75,58.25,1.23,13.7,8.28,7.95,0.05,8.55,61.75,0.05,0.97,0,240,Poor
AP001,12/18/2017 19:00,92.5,136.25,2.98,47.9,27.9,17.6,0.1,20.22,106.83,0.15,2.55,0.03,240,Poor
AP001,12/18/2017 20:00,114.75,190.25,2.7,74.62,41.85,18.45,0.1,19.65,60.77,0.38,4.1,0.5,240,Poor
AP001,12/18/2017 21:00,126.25,218.5,1.88,71.73,39.68,18.8,0.03,17.98,41.65,0.4,4.72,0.58,238,Poor
AP001,12/18/2017 22:00,129.5,215.25,1.95,57.45,32.12,29.48,0.4,16.3,63.22,0.4,4.85,0.45,240,Poor
AP001,12/18/2017 23:00,108.25,180,3.63,72.5,41.5,19.35,0.63,12.48,27.42,0.38,5.47,0.13,236,Poor
AP001,12/19/2017 0:00,106.75,204.75,6.07,94.9,55.4,12.43,0.08,9.68,8.8,0.3,5.32,0.3,231,Poor
AP001,12/19/2017 1:00,120.75,222.5,3.5,72.97,41.65,20.15,0.18,16.7,26.92,0.38,4.88,0.33,229,Poor
AP001,12/19/2017 2:00,122.5,203,1.03,38.38,21.25,18.07,0.05,18.8,48.52,0.4,5.6,0.3,226,Poor
AP001,12/19/2017 3:00,101.5,166.25,0.55,34.73,18.9,18.77,0.08,19.03,44.6,0.33,3.75,0.15,223,Poor
AP001,12/19/2017 4:00,101.75,170.25,0.55,47.4,25.65,19,0.1,15.8,10.77,0.38,4.22,0.13,221,Poor
BR007,5/13/2019 22:00,67.25,,16.21,13.92,13.48,,3.78,43.4,19.39,2.62,19.23,7.23,187,Moderate
BR007,5/13/2019 23:00,79.5,,14.61,11.91,11.9,,3.12,42.11,13.34,2.79,21.59,10.67,187,Moderate
BR007,5/14/2019 0:00,92.5,,7.27,9.29,6.8,,1.38,36.18,53.57,2.44,18.41,7.7,187,Moderate
BR007,5/14/2019 1:00,86.5,,9.11,9.04,7.85,,1.59,30.32,33.91,2.09,16.45,6.4,179,Moderate
BR007,5/14/2019 2:00,86.25,,4.79,5.65,4.38,,0.8,26.81,86.47,1.66,16.45,5.93,124,Moderate
BR007,5/14/2019 3:00,47,,4.09,4.78,3.7,,1.04,29.46,89.26,1.48,14.29,3.55,122,Moderate
BR007,5/14/2019 4:00,53.75,,3.79,5.96,3.8,,1.1,33.1,69.27,1.39,13.78,2.61,122,Moderate
BR007,5/14/2019 5:00,58.5,,5.23,4.01,4.2,,1.36,32.03,47.04,1.48,14.5,2.84,122,Moderate
BR007,5/14/2019 6:00,64,,6.9,8.11,6.28,,1.4,34.03,37.4,1.39,13.88,2.37,118,Moderate
BR007,5/14/2019 7:00,57.75,,6.63,5.55,5.47,,1.32,31.89,66.97,1.39,14.6,3.32,117,Moderate
BR007,5/14/2019 8:00,59,,7.07,6.37,5.92,,1.43,29.53,66.17,1.39,15.63,3.91,115,Moderate
BR007,5/14/2019 9:00,65,,7.54,6.88,6.32,,1.52,33.39,72.54,1.39,16.35,2.84,113,Moderate
BR007,5/14/2019 10:00,66.25,,7.3,7.86,6.5,,1.94,31.89,71.68,1.66,16.66,7.47,110,Moderate
BR007,5/14/2019 11:00,67,,8.58,5.34,6.6,,1.8,33.18,112.61,1.92,17.38,7.35,119,Moderate
BR007,5/14/2019 12:00,58.5,,4.56,4.31,3.88,,0.99,44.83,166.83,1.48,12.75,4.62,198,Moderate
BR007,5/14/2019 13:00,56,,5.16,5.96,4.67,,1.46,40.18,187.62,1.39,12.96,5.81,249,Poor
BR007,5/14/2019 14:00,47,,5.7,9.86,6,,1.71,36.32,,1.39,13.88,4.86,249,Poor
BR007,5/14/2019 15:00,48.5,,6.2,10.68,6.55,,1.78,38.9,181.62,1.57,15.01,5.69,249,Poor
BR007,5/14/2019 16:00,51,,6.87,11.09,7.05,,1.98,40.83,184.83,1.48,14.7,6.52,249,Poor
BR007,5/14/2019 17:00,57.75,,7.3,10.78,7.2,,1.79,35.82,184.89,2.01,16.55,6.52,249,Poor
BR007,5/14/2019 18:00,68.25,,11.72,13.4,10.55,,2.69,27.89,87.11,1.74,17.58,9.6,249,Poor
BR007,5/14/2019 19:00,66.75,,14.71,12.94,12.28,,2.85,39.47,71.42,2.27,20.05,10.55,249,Poor
BR007,5/14/2019 20:00,70,,18.29,10.27,13.78,,3.1,48.91,54.16,2.35,17.27,11.61,249,Poor
BR007,5/14/2019 21:00,73,,11.72,7.91,9.18,,2.09,49.05,60.43,2.44,16.76,12.68,242,Poor
BR007,5/14/2019 22:00,43.25,,8.17,6.01,6.53,,1.12,45.9,91.13,2.18,17.17,9.24,242,Poor
BR007,5/14/2019 23:00,41.25,,8.17,5.8,6.47,,1.43,43.19,90.49,1.83,15.22,6.52,242,Poor
BR007,5/15/2019 0:00,42,,5.19,6.11,4.75,,1.04,38.04,104.9,1.74,14.91,6.28,242,Poor
BR007,5/15/2019 1:00,41,,4.66,5.08,4.15,,0.69,41.4,143.96,1.39,14.4,4.5,165,Moderate
BR007,5/15/2019 2:00,43.75,,3.92,4.36,3.5,,0.56,44.9,121.13,1.31,14.09,5.21,165,Moderate
BR007,5/15/2019 3:00,41.25,,3.45,4.52,3.25,,0.64,40.4,129.87,1.05,13.57,4.03,165,Moderate
BR007,5/15/2019 4:00,39.5,,3.69,4.11,3.3,,0.73,33.68,99.27,1.05,13.68,1.78,165,Moderate
BR007,5/15/2019 5:00,48,,4.32,4.26,3.7,,0.93,39.11,68.25,1.05,13.47,2.01,165,Moderate
BR007,5/15/2019 6:00,41.25,,6.1,4.31,4.8,,1.14,47.12,60.11,1.05,14.19,3.2,165,Moderate
BR007,5/15/2019 7:00,41.25,,7.04,5.6,5.72,,1.07,48.62,58.29,1.05,14.4,2.84,165,Moderate
BR007,5/15/2019 8:00,49,,6.47,4.26,5.02,,0.99,45.19,83.63,1.22,15.01,3.55,165,Moderate
BR007,5/15/2019 9:00,55.5,,6.63,4.67,5.2,,1.16,41.47,133.83,1.22,15.53,2.49,150,Moderate
BR007,5/15/2019 10:00,66,,5.56,4.62,4.6,,1.25,37.68,127.67,1.39,15.53,2.84,150,Moderate
BR007,5/15/2019 11:00,62.5,,5.23,5.13,4.5,,1.49,38.9,144.71,1.39,15.84,5.21,166,Moderate
BR007,5/15/2019 12:00,66.25,,6.2,6.16,5.38,,1.6,37.32,168.39,1.39,16.55,6.75,201,Poor
BR007,5/15/2019 13:00,48,,5.03,4.42,4.2,,1.5,38.61,191.37,1.39,14.81,6.4,258,Poor
BR007,5/15/2019 14:00,38.5,,5.19,5.19,4.47,,1.39,40.97,182.69,1.39,10.39,5.33,258,Poor
BR007,5/15/2019 15:00,49,,5.26,5.91,4.75,,1.43,41.18,177.12,1.31,10.28,4.62,258,Poor
BR007,5/15/2019 16:00,49,,4.22,7.7,4.58,,1.4,43.26,184.41,1.22,9.15,5.81,258,Poor
BR007,5/15/2019 17:00,49,,7.17,8.78,6.62,,1.76,41.33,162.12,1.48,9.67,5.81,258,Poor
BR007,5/15/2019 18:00,81,,9.95,8.63,8.27,,2.33,41.11,111.6,1.74,12.34,7.47,258,Poor
BR007,5/15/2019 19:00,59,,11.93,9.19,9.62,,2.85,46.26,71.25,2.01,14.09,9.48,258,Poor
BR007,5/15/2019 20:00,108.5,,11.99,6.98,9.1,,2.34,54.27,82.93,2.35,17.99,12.56,258,Poor
BR007,5/15/2019 21:00,60,,10.38,4.01,7.33,,1.77,52.55,80.63,1.92,15.53,10.31,241,Poor
BR007,5/15/2019 22:00,40,,8.07,5.7,6.4,,0.51,47.05,87.76,1.83,16.25,9.48,241,Poor
BR007,5/15/2019 23:00,63,,6.47,5.39,5.33,,0.86,45.05,96.81,1.48,15.22,7.11,241,Poor
BR007,5/16/2019 0:00,40.25,,5.83,3.29,4.38,,0.92,41.97,105.44,1.39,14.7,5.45,191,Moderate
BR007,5/16/2019 1:00,39,,4.86,3.54,3.88,,0.74,41.76,114.28,1.31,14.09,5.1,121,Moderate
BR007,5/16/2019 2:00,,,4.89,2.93,3.72,,0.63,40.61,92.9,1.05,13.47,2.49,121,Moderate
BR007,5/16/2019 3:00,56,,4.86,3.39,3.83,,0.69,38.4,92.2,1.05,13.68,3.08,121,Moderate
BR007,5/16/2019 4:00,43,,4.05,3.03,3.25,,0.71,41.26,102.22,1.05,13.37,3.67,121,Moderate
BR007,5/16/2019 5:00,39,,3.58,2.52,2.85,,0.61,40.33,91.13,0.96,12.85,1.9,121,Moderate
BR007,5/16/2019 6:00,32,,4.22,2.72,3.22,,0.81,41.47,79.51,0.87,13.68,2.84,121,Moderate
BR007,5/16/2019 7:00,29,,5.43,3.44,4.2,,0.54,41.68,63.22,1.05,13.78,2.13,121,Moderate
BR007,5/16/2019 8:00,32,,5.83,2.98,4.28,,0.41,39.33,62.52,1.13,14.5,1.54,121,Moderate
BR007,5/16/2019 9:00,39,,6.2,2.46,4.38,,0.68,41.18,79.77,1.22,14.5,2.96,103,Moderate
BR007,5/16/2019 10:00,49,,5.49,3.44,4.25,,1.03,42.9,87.65,1.39,15.42,4.38,103,Moderate
BR007,5/16/2019 11:00,63,,6.03,4.52,4.8,,1.23,44.62,91.02,1.39,15.73,4.62,103,Moderate
BR007,5/16/2019 12:00,56,,5.13,3.9,4.1,,1.35,45.33,116.36,1.39,15.73,5.45,124,Moderate
BR007,5/16/2019 13:00,58,,4.09,3.95,3.48,,1.1,43.69,165.39,1.48,14.6,5.69,196,Moderate
BR007,5/16/2019 14:00,62,,4.86,3.85,3.95,,1.37,37.11,166.67,1.39,9.25,4.38,198,Moderate
BR007,5/16/2019 15:00,60,,4.86,4.72,4.17,,1.32,37.68,154.94,1.39,10.49,3.55,198,Moderate
DL003,2/28/2019 5:00,102.5,200,116.05,64.47,128.83,27.68,1.3,12.88,1.53,8.43,37.65,,148,Moderate
DL003,2/28/2019 6:00,135.5,245,122.07,57.28,126.72,29.15,1.48,13.97,1.1,8.62,104.72,,165,Moderate
DL003,2/28/2019 7:00,151.5,270,89.9,54.38,102.1,31.98,1.52,13.98,1.53,8.15,76.95,,184,Moderate
DL003,2/28/2019 8:00,223.5,369,91.22,77.75,115.5,37.58,1.73,33.3,1.07,8.9,48.7,,218,Poor
DL003,2/28/2019 9:00,295,445.5,41.77,91.1,82.5,37.83,1.52,68.72,0.8,8.95,34.58,,268,Poor
DL003,2/28/2019 10:00,224.5,345,10.9,50.62,35.85,28.65,1.02,38.42,1.7,5.67,22.25,,300,Poor
DL003,2/28/2019 11:00,103.5,191,3.73,29.15,18.52,26.6,0.75,20.55,1.5,2.48,11.48,,303,Very Poor
DL003,2/28/2019 12:00,55,124.5,2.23,28.77,17.1,28.12,0.7,17.3,1.05,2.3,12.47,,303,Very Poor
DL003,2/28/2019 13:00,55.5,128,2.8,31,18.75,26.95,0.72,19.38,1.18,2.6,11.38,,298,Poor
DL003,2/28/2019 14:00,61,120,1.73,26.27,15.38,25.52,0.7,14.55,1.7,1.85,9.85,,287,Poor
DL003,2/28/2019 15:00,54.5,105.5,1.23,26.98,15.32,24.5,0.67,13.53,1.02,1.62,6.65,,276,Poor
DL003,2/28/2019 16:00,43.5,103,1.23,27.7,15.75,21.83,0.7,12.27,1.32,1.55,9.4,,265,Poor
DL003,2/28/2019 17:00,40.5,97.5,1.08,29.85,16.73,21.3,0.67,11.27,1.2,1.43,12.68,,254,Poor
DL003,2/28/2019 18:00,39.5,103,0.95,37.22,20.57,20.57,0.7,13.1,0.9,1.9,14.07,,244,Poor
DL003,2/28/2019 19:00,49,133,1.45,62.7,34.52,22.4,1.02,16.9,1.05,2.8,20,,236,Poor
DL003,2/28/2019 20:00,77.5,180,6.58,84.1,50.1,26.08,1.28,22.62,1.55,6.15,29.93,,233,Poor
DL003,2/28/2019 21:00,103.5,225,17.35,80.28,56.83,26.12,1.8,16.82,0.75,7.1,89.72,,238,Poor
DL003,2/28/2019 22:00,125,274.5,57.75,76.12,87.55,27.35,2.08,16.55,1.55,8.82,85.8,,246,Poor
DL003,2/28/2019 23:00,137,292.5,59.7,78.15,90.2,27.62,1.9,18.73,1.2,8.4,83.68,,254,Poor
DL003,3/1/2019 0:00,144,295.5,71.75,80.8,101.53,25.42,1.85,18.85,1.12,8.75,77.72,,261,Poor
DL003,3/1/2019 1:00,163,318.5,85.7,83.25,114.12,26.23,1.7,18.88,0.8,14.22,60.27,,269,Poor
DL003,3/1/2019 2:00,188.5,324.5,128.52,110.12,163.53,26.12,1.42,22.33,1.05,15.6,58.92,,282,Poor
DL003,3/1/2019 3:00,188.5,298.5,49.1,86.05,85.4,29.8,1.05,30.2,1.15,15.95,49.27,,296,Poor
DL003,3/1/2019 4:00,153,246,106.37,105.75,142.95,30.33,1.02,26.45,0.8,13.95,32.02,,301,Very Poor
DL003,3/1/2019 5:00,123,205.5,99.75,105.33,137.18,28.57,0.95,27.48,1.23,9.15,30.35,,302,Very Poor
DL003,3/1/2019 6:00,113,189.5,77.22,93.67,112.85,29.82,0.9,25.1,1.52,5.88,21,,301,Very Poor
DL003,3/1/2019 7:00,106.5,181.5,31.65,66.3,61.08,28.3,1.12,16.82,1.12,4.32,28.08,,298,Poor
DL003,3/1/2019 8:00,137,246,38.2,63.92,65.17,30.27,1.4,21.7,0.73,6.15,20.62,,286,Poor
DL003,3/1/2019 9:00,182.25,319,22.23,61.32,50.7,31.38,1.3,28.7,1.35,8.25,20.65,,271,Poor
DL014,5/28/2015 8:00,,,6.5,51.5,32.5,75.25,,6.38,27.5,,,,,
DL014,5/28/2015 9:00,,,5.25,48,29.75,77,1.75,9.1,25,,,,,
DL014,5/28/2015 10:00,,,6.5,52.5,32.75,73.75,1.93,14.47,35,,,,,
DL014,5/28/2015 11:00,,,4.25,47.75,29,76.25,1.65,12.45,50.25,,,,,
DL014,5/28/2015 12:00,,,4.75,48.75,30,75.75,1.55,12.17,49,,,,,
DL014,5/28/2015 13:00,,,5.25,48.75,30.5,74.75,1.47,9.27,59,,,,,
DL014,5/28/2015 14:00,,,3.75,40.75,24.75,79,1.2,3.7,99.75,,,,,
DL014,5/28/2015 15:00,,,3,39.75,24,81.5,1.58,3.28,107.75,,,,,
DL014,5/28/2015 16:00,,,3,38,23,84.75,1.6,4.15,125.25,,,,,
DL014,5/28/2015 17:00,,,3.25,42.5,25.5,83,1.78,4.42,108.75,,,,,
DL014,5/28/2015 18:00,,,4.25,55.25,32.5,78.25,2.17,4,62.5,,,,,
DL014,5/28/2015 19:00,,,13.75,82.75,55.25,61.25,3.73,5.9,20.5,,,,,
DL014,5/28/2015 20:00,,,33.25,120,91,34.5,6.1,9.3,18.75,,,,,
DL014,5/28/2015 21:00,,,48.75,147.75,118.5,13.25,2.8,9.9,20.25,,,,,
DL014,5/28/2015 22:00,,,49.25,146.25,118,13.75,2.35,8.05,19.25,,,,,
DL014,5/28/2015 23:00,,,54.75,157,128.25,6.5,2.23,10.33,19.25,,,,,
DL014,5/29/2015 0:00,,,50.25,143.75,117.75,13.75,1.12,8.85,17.5,,,,,
DL014,5/29/2015 1:00,,,38.75,119.75,95.5,31,1.23,6.45,18.75,,,,,
DL014,5/29/2015 2:00,,,25.5,95.5,71.5,51,,3.2,19.25,,,,,
DL014,5/29/2015 3:00,,,25,92.75,69.5,52,,3.35,19.5,,,,,
DL014,5/29/2015 4:00,,,22.25,86,63.75,56.25,,3.32,18.5,,,,,
DL014,5/29/2015 5:00,,,19,78.75,57.25,61,1.07,4.3,19,,,,,
DL014,5/29/2015 6:00,,,8.75,57.5,37.5,76.75,,4.15,19.5,,,,,
DL014,5/29/2015 7:00,,,4.5,44.75,27.25,84.25,,2.62,33.25,,,,,
DL014,5/29/2015 8:00,,,7,53.5,34,80,,3.92,28.25,,,,,
DL014,5/29/2015 9:00,,,6.75,56,35.75,79.25,1.95,4.87,29.75,,,,,
DL014,5/29/2015 10:00,,,7.25,63.25,39,75.75,2.22,7.28,44,,,,,
DL014,5/29/2015 11:00,,,5.25,54,33.25,80.5,1.79,7.38,61,,,,,
DL014,5/29/2015 12:00,,,4.5,54.5,32.75,80.25,,7.73,74,,,,,
DL014,5/29/2015 13:00,,,3.75,47,28,83,1.31,9.38,87.25,,,,,
DL014,5/29/2015 14:00,,,4,49.5,29.75,82.25,1.23,10.08,91,,,,,
DL014,5/29/2015 15:00,,,3.75,49,29.25,81.25,1.29,11.32,102,,,,,
DL014,5/29/2015 16:00,,,4.5,50.25,30.25,79.75,1.49,11.4,74.75,,,,,
DL014,5/29/2015 17:00,,,5.5,55.5,34,77,3.92,10.72,52.25,,,,,
DL014,5/29/2015 18:00,,,5,54.75,33.25,77.5,4.33,8.53,52,,,,,
DL014,5/29/2015 19:00,,,5,55.25,33.5,77.25,4.16,5.75,50.75,,,,,
DL016,11/11/2018 21:00,189.25,431,462.8,135.4,456.62,59.07,7.9,45.82,2.85,9.48,70.92,,384,Very Poor
DL016,11/11/2018 22:00,213.25,462,492.65,127.98,477.52,59.28,8.35,54.03,2.8,10.45,77.32,,379,Very Poor
DL016,11/11/2018 23:00,237.25,456,487.1,114.45,471.4,56.22,9.17,56.68,2.32,10.45,78.95,,376,Very Poor
DL016,11/12/2018 0:00,234.75,443,,93.67,493,48.6,7.93,33.43,3.08,11.12,85.4,,372,Very Poor
DL016,11/12/2018 1:00,233,432,,86.55,467.55,46.38,7.63,28.75,2.73,10.23,83.15,,369,Very Poor
DL016,11/12/2018 2:00,230,399,,75.48,459.75,45.77,7.5,30.75,3.55,10.2,84.5,,367,Very Poor
DL016,11/12/2018 3:00,229.25,,491.12,65.33,435.12,49.7,7.05,31.65,3.27,10.03,82.45,,365,Very Poor
DL016,11/12/2018 4:00,229.5,,429.55,72.15,388.43,67.1,6.43,31.5,4.05,9.75,76.52,,362,Very Poor
DL016,11/12/2018 5:00,243,393,379.98,66.43,345.15,68.73,6.12,26.6,4.1,9.33,73.48,,361,Very Poor
DL016,11/12/2018 6:00,264.75,400.25,375.28,50.95,333.12,74.1,4.95,21.88,4.55,9.6,74.07,,359,Very Poor
DL016,11/12/2018 7:00,276.75,422,383.48,44.52,336.3,70.12,4.85,21.42,4.27,9.55,72.95,,358,Very Poor
DL016,11/12/2018 8:00,288.5,,440.6,55.2,388.43,62.93,5.27,19.7,6.25,10.02,73.35,,359,Very Poor
DL016,11/12/2018 9:00,322.75,536,329.53,123.77,334.28,73.48,4.05,20.4,5.03,10.1,71.42,,360,Very Poor
DL016,11/12/2018 10:00,326.75,522.25,62.95,105.2,107.08,72.53,1.8,14.22,15.65,7.38,46.55,,363,Very Poor
DL016,11/12/2018 11:00,291.75,481,45.5,98.92,89.88,78.7,1.62,9.7,42.32,5.65,33.2,,365,Very Poor
DL016,11/12/2018 12:00,298,,30.17,86.03,70.32,81.2,1.63,18.85,80.97,4.88,31.33,,369,Very Poor
DL016,11/12/2018 13:00,261.5,,21.2,81.98,60.85,72.58,1.4,21.88,118.9,4.55,29.47,,372,Very Poor
DL016,11/12/2018 14:00,214.5,350,15.4,74.18,52.05,62.77,1.25,23.85,147.1,3.65,23.18,,375,Very Poor
DL016,11/12/2018 15:00,185.75,350,11.37,75.48,49.43,62.27,1.3,21.73,168.35,3.43,22,,378,Very Poor
DL016,11/12/2018 16:00,184.25,,6.72,62.15,38.52,54.32,1.22,19.75,,4.1,30.88,,382,Very Poor
DL016,11/12/2018 17:00,186.25,448,3,63.7,36.38,52.22,1.28,16.23,158.05,4.48,38.65,,385,Very Poor
DL016,11/12/2018 18:00,200.5,479,29.95,145.58,102.15,52.93,2.83,21.38,31.75,5.2,42.2,,410,Severe
DL016,11/12/2018 19:00,212.25,561.75,205.3,182.9,263.8,62.35,4.4,30.22,3.6,7.2,54.75,,419,Severe
DL016,11/12/2018 20:00,250.75,545,465.2,184.5,480.7,65.3,7.92,43.55,3.47,9.97,75,,426,Severe
DL016,11/12/2018 21:00,306.75,585.75,,170,,71.73,8.4,53.17,3.15,11.17,82.88,,437,Severe
DL016,11/12/2018 22:00,320.5,570.5,,157.57,,70.6,8.9,57.85,2.5,11.22,82.2,,444,Severe
DL016,11/12/2018 23:00,305,526.75,,143.2,,71.48,9.15,59.77,2.12,11.5,85.4,,449,Severe
DL016,11/13/2018 0:00,286,494.25,,117.75,,64.73,9.2,31.12,2.47,12.2,88.88,,453,Severe
DL016,11/13/2018 1:00,278,481.75,456.65,115.95,436.95,60.98,8.22,26.9,3.35,12.35,93.9,,456,Severe
DL016,11/13/2018 2:00,277.75,463.75,205.9,100.9,221.78,66.47,4.82,20.4,2.15,10.75,84.52,,460,Severe
DL016,11/13/2018 3:00,233.25,377.5,138.5,91.73,161.67,65.6,3.62,13.33,1.6,7.85,61.78,,454,Severe
DL016,11/13/2018 4:00,210.5,324.25,155.77,80.82,170.25,75.98,3.67,10.12,2,7.1,58,,445,Severe
DL016,11/13/2018 5:00,214.25,319.5,240.12,78.95,237.38,73.08,4.28,9.75,3.2,7,56.33,,440,Severe
DL016,11/13/2018 6:00,224.25,342,337.7,73.7,314.35,70.97,5,19.17,3.97,7.75,71.9,,436,Severe
DL016,11/13/2018 7:00,232.25,345.5,328.5,57.65,298.53,70.93,4.93,24.63,4.35,8.25,71.07,,432,Severe
DL016,11/13/2018 8:00,233,352.5,347.7,70.78,321.03,70.42,4.9,25.32,5.48,9.27,73.15,,425,Severe
DL016,11/13/2018 9:00,285.75,468.25,206.45,116.77,230.12,74.67,4.25,26.17,5.5,9.15,77.27,,421,Severe
DL016,11/13/2018 10:00,374.25,594.5,97.82,124.67,146,75.85,3.12,26.55,6.5,8.85,91.47,,426,Severe
DL022,7/14/2019 3:00,61,178,1.2,33.6,18.85,20.95,0.8,11.45,8.28,2.25,20.5,,144,Moderate
DL022,7/14/2019 4:00,46.75,158.75,0.3,26.15,14.07,17,0.72,9.8,11.8,1.1,13.12,,147,Moderate
DL022,7/14/2019 5:00,28.75,101,,17.57,8.45,15.75,0.57,9.7,13.47,0.3,2.42,,148,Moderate
DL022,7/14/2019 6:00,22.75,80.75,,14.68,7.38,15.35,0.5,8.12,19.33,0.17,0.77,,148,Moderate
DL022,7/14/2019 7:00,26.5,105.25,,12.43,6.1,17.4,0.5,9.15,22.85,0.1,0.57,,149,Moderate
DL022,7/14/2019 8:00,32.25,124.5,,13.12,6.4,22.93,0.45,9.03,24.9,0.2,0.6,,150,Moderate
DL022,7/14/2019 9:00,39,158.5,,12.75,6.33,22.45,0.47,11.48,30.12,0.2,0.57,,150,Moderate
DL022,7/14/2019 10:00,50.75,203.5,,14.72,7.45,17,0.5,15.25,31.32,0.12,0.45,,150,Moderate
DL022,7/14/2019 11:00,55.75,202,,13.77,6.58,13.12,0.5,13.9,36.83,0.1,0.38,,147,Moderate
DL022,7/14/2019 12:00,46.5,186.25,,13.2,6.35,12.03,0.5,13.45,41.1,0.1,0.32,,143,Moderate
DL022,7/14/2019 13:00,48.5,203.5,,12.25,6.12,11.45,0.5,10.85,47.38,0.15,0.32,,142,Moderate
DL022,7/14/2019 14:00,49.25,226.25,,12.35,6.05,10.82,0.5,11.43,53.45,0.1,0.3,,141,Moderate
DL022,7/14/2019 15:00,47.25,202,,11.53,5.5,11.43,0.5,14.3,55.93,0.15,0.35,,141,Moderate
DL022,7/14/2019 16:00,47.5,198.25,,12.35,5.45,16.3,0.5,15.3,57.65,0.18,0.35,,141,Moderate
DL022,7/14/2019 17:00,42.25,157.75,,12.93,6.12,21.4,0.47,15.12,57.3,0.15,0.25,,140,Moderate
DL022,7/14/2019 18:00,28.25,120,,11.82,5.65,24.75,0.43,14.43,57.82,0.12,0.35,,139,Moderate
DL022,7/14/2019 19:00,19.75,102.5,0.1,10.85,5.4,18.57,0.43,14.12,54.47,0.12,0.4,,138,Moderate
DL022,7/14/2019 20:00,21,83.75,,14.18,6.88,17.25,0.55,14.98,43.05,0.15,0.47,,136,Moderate
DL022,7/14/2019 21:00,33.25,99.25,,37.48,19.12,16.88,0.95,12.3,33.62,1.4,10.92,,136,Moderate
DL022,7/14/2019 22:00,56.5,176.5,0.25,46.68,24.83,15.65,0.93,14.7,19.5,1.32,16.73,,137,Moderate
DL022,7/14/2019 23:00,69.5,208.5,0.35,52.95,28.48,16.35,0.9,47.02,13.47,0.38,9.02,,138,Moderate
DL022,7/15/2019 0:00,60,210,0.1,39.33,20.68,24.38,0.8,33.4,33.02,1.2,13.85,,139,Moderate
DL022,7/15/2019 1:00,32.5,84.5,,30.45,15.83,27.2,0.78,20.23,38.17,1.43,13.38,,137,Moderate
DL022,7/15/2019 2:00,22.75,59.5,,29,15.12,27.45,0.7,17.8,30.27,1.35,10.65,,134,Moderate
DL022,7/15/2019 3:00,25,51.5,,27.1,13.45,17.45,0.7,14.85,31.3,1.32,9.95,,131,Moderate
DL022,7/15/2019 4:00,23,51.25,,25.2,12.62,14.93,0.7,13.73,36.95,0.82,7.9,,128,Moderate
DL022,7/15/2019 5:00,17.25,54.25,0.2,27.7,14.4,13.53,0.7,13.62,31.45,0.82,11.9,,126,Moderate
DL022,7/15/2019 6:00,18,52,,30.92,16.3,12.27,0.7,16,25.32,0.48,12.6,,126,Moderate
DL022,7/15/2019 7:00,17.5,51.75,0.35,32.23,17.23,12.58,0.7,17.22,21.38,0.48,7.53,,124,Moderate
DL022,7/15/2019 8:00,17.75,49.75,2.08,34.7,20.15,14.07,0.7,20.12,19.82,0.62,7.88,,122,Moderate
DL022,7/15/2019 9:00,22.25,48.75,3.47,40.8,24.55,18.93,0.7,36.17,22.93,0.5,5.32,,119,Moderate
DL022,7/15/2019 10:00,20,61.5,1.93,33.17,19.23,17.15,0.78,24.3,31.95,0.6,7.97,,115,Moderate
DL022,7/15/2019 11:00,25,94,1.05,26.3,14.82,14.78,0.7,16.88,39.55,0.78,8.92,,112,Moderate
DL031,8/30/2015 10:00,54.83,139.33,3.51,19.25,21.94,36.4,,8.82,51.67,1.61,4.87,,119,Moderate
DL031,8/30/2015 11:00,45.83,210.33,2.28,20.9,21.72,28.17,,28.6,47.83,1.92,5.96,,121,Moderate
DL031,8/30/2015 12:00,53.83,198.33,2.06,18.61,19.4,32.31,,12.96,45.42,2.23,7.88,,123,Moderate
DL031,8/30/2015 13:00,44.83,148.83,1.11,16.42,16.16,29.23,,10.06,43.33,1.89,6.02,,124,Moderate
DL031,8/30/2015 14:00,29,118,2.16,17.32,18.4,24.2,,9.3,41.4,1.7,5.64,,124,Moderate
DL031,8/30/2015 15:00,41.33,135,1.81,14.37,15.3,24.35,,8.76,38.9,1.55,6.23,,123,Moderate
DL031,8/30/2015 16:00,25,150.83,1.84,16.73,17.44,18.63,,6.62,40,1.34,6.34,,122,Moderate
DL031,8/30/2015 17:00,37.83,169.5,2.08,18.23,19.07,27.41,,8.68,42.92,1.78,8.24,,122,Moderate
DL031,8/30/2015 18:00,52.17,124.83,1.51,26.39,25.58,25.88,,8.49,45.83,1.76,8.55,,122,Moderate
DL031,8/30/2015 19:00,51,160.5,1,44.33,40.88,22.95,,9.5,49.08,2.68,14.24,,123,Moderate
DL031,8/30/2015 20:00,44.83,147,10.95,78.62,85.01,21.27,,8.78,52,5.43,20.47,,123,Moderate
DL031,8/30/2015 21:00,65.5,159.83,35,82.31,121.13,18.46,,10.12,55.08,7.53,24.4,,124,Moderate
DL031,8/30/2015 22:00,68.83,144.33,58.57,73.03,145.1,15.76,,10.87,59,8.7,25.47,,124,Moderate
DL031,8/30/2015 23:00,49.83,215.5,54.3,67.87,134.63,16.11,,10.7,61.5,9.97,29.51,,124,Moderate
DL031,8/31/2015 0:00,54.83,77.67,36.22,63.3,105.83,14.58,,9.47,60.33,7.59,24.92,,125,Moderate
DL031,8/31/2015 1:00,34.5,143.5,4,49.76,49.81,29.15,,10.37,58.83,3.45,12.79,,127,Moderate
DL031,8/31/2015 2:00,35,107.33,0.46,27.39,24.98,25.52,,10.28,57,1.64,5.93,,126,Moderate
DL031,8/31/2015 3:00,25,106.6,0.26,18.23,16.62,22.35,,10.36,57.5,1.02,3.78,,126,Moderate
DL031,8/31/2015 4:00,24.33,76.2,0.25,19.24,17.46,21.12,,10.04,60.42,0.72,2.4,,125,Moderate
DL031,8/31/2015 5:00,22.5,64.83,0.23,34.48,31.03,19.85,,10.39,65.33,0.76,2.07,,124,Moderate
DL031,8/31/2015 6:00,30.17,50.67,0.43,32.17,29.22,22.6,,11.06,66,0.72,2.22,,122,Moderate
DL031,8/31/2015 7:00,30.33,86.83,8.09,45.28,51.41,25.12,,11.35,66.75,0.97,2.65,,121,Moderate
DL031,8/31/2015 8:00,28.83,105.83,9.43,33.89,43.08,25.28,,11.27,63.75,1.77,4.62,,120,Moderate
DL031,8/31/2015 9:00,40,166.33,8.93,29.36,38.35,24.16,,11.35,57.17,2.13,5.62,,122,Moderate
DL031,8/31/2015 10:00,51.33,344.33,6.73,26.56,32.84,21.64,,10.39,50.42,2.12,5.95,,128,Moderate
DL031,8/31/2015 11:00,56.83,318.33,5.38,23.94,28.66,19.8,0.8,33.48,46.67,2.09,5.91,,131,Moderate
DL031,8/31/2015 12:00,55.33,266.17,3.89,20.39,23.47,23.95,0.9,14.18,44.58,2.52,6.09,,133,Moderate
DL031,8/31/2015 13:00,74.67,191.33,3,21.7,23.42,20.53,0.68,6.6,41,2.02,6.93,,134,Moderate
DL031,8/31/2015 14:00,59.33,172,3.03,19.95,21.89,14.31,0.81,3.78,39.67,1.83,7.99,,136,Moderate
DL031,8/31/2015 15:00,41,218.83,4.14,25.47,28.37,12.07,0.74,4.28,40.58,2.22,10.11,,138,Moderate
DL031,8/31/2015 16:00,44.67,230.83,3.34,21.56,23.74,9.88,0.75,4.55,43.08,1.58,9.38,,140,Moderate
DL031,8/31/2015 17:00,61.67,215.83,3.38,26.66,28.38,15.07,0.85,3.9,43.25,1.79,10.92,,142,Moderate
DL031,8/31/2015 18:00,61.83,90.2,2.71,32.22,32.39,30.88,0.95,4.42,45.5,2.04,10.3,,141,Moderate
DL031,8/31/2015 19:00,89,255.5,1.68,42.96,40.55,21.89,0.87,8.06,50.42,3.36,14.29,,143,Moderate
DL031,8/31/2015 20:00,53.17,171.5,2.23,61.99,58.29,19.62,0.99,8.37,53.75,3.95,16.64,,144,Moderate
DL031,8/31/2015 21:00,47.83,157.17,4.68,72.33,70.83,17.78,1.12,9.09,56,4.36,19.04,,144,Moderate
DL031,8/31/2015 22:00,43,146,9.1,70.82,75.53,14.31,1.13,7.48,58.75,4.12,17.75,,144,Moderate
DL031,8/31/2015 23:00,49.5,251.17,9.31,66.97,72.38,13.15,1.11,7.68,59.33,5.12,20.23,,145,Moderate
DL031,9/1/2015 0:00,55.83,192.5,15.49,61.92,76.33,12.78,1.11,7.91,61.58,4.72,16.32,,148,Moderate
DL031,9/1/2015 1:00,53.5,138.5,18.74,61.08,80.04,10.06,1,9.06,64.92,3.78,12.58,,148,Moderate
DL031,9/1/2015 2:00,64.67,116.5,17.22,53.61,71.3,30.65,0.73,8.31,64.42,2.57,7.61,,148,Moderate
DL031,9/1/2015 3:00,32.83,162,5.51,41.42,44.4,23.87,0.58,7.93,62.75,1.59,4.62,,150,Moderate
DL031,9/1/2015 4:00,30.17,121.17,0.58,24.79,22.76,19.67,0.48,6.98,60,0.9,2.53,,151,Moderate
DL031,9/1/2015 5:00,22,89.67,0.34,26.97,24.5,19.31,0.48,7.39,60.25,0.58,1.78,,152,Moderate
DL031,9/1/2015 6:00,27.33,82.5,1,34.68,32.27,20.63,0.57,7.03,62.25,0.7,1.9,,153,Moderate
DL031,9/1/2015 7:00,29,108.83,8.38,49.34,55.42,18.69,0.62,5.45,61.83,0.94,2.68,,153,Moderate
DL031,9/1/2015 8:00,29.83,136.33,8.86,35.04,43.28,17.61,0.62,4.63,58.75,1.72,4.29,,154,Moderate
DL031,9/1/2015 9:00,43.6,243.6,8.63,28.08,36.82,19.77,0.55,5.25,55.33,1.78,4.94,,156,Moderate
DL031,9/1/2015 10:00,86.67,551,6.7,23.39,29.99,20.32,0.57,4.67,50.83,1.39,4.25,,162,Moderate
DL031,9/1/2015 11:00,108.5,697.33,4.14,22.78,25.98,16.98,0.52,29.52,44.92,1.59,4.47,,172,Moderate
DL031,9/1/2015 12:00,106,364.67,4.37,24.01,27.33,19.48,0.63,9.01,39.08,1.83,5.52,,175,Moderate
DL031,9/1/2015 13:00,139.17,630.33,3.7,19.53,22.43,20.91,0.77,8.47,36.25,1.81,6.46,,187,Moderate
DL031,9/1/2015 14:00,169.83,419.83,3.99,20.81,23.99,23.52,0.68,9.58,35.92,1.88,7.01,,194,Moderate
DL031,9/1/2015 15:00,114,302.83,5.24,26.45,30.68,21.11,0.73,8.88,35.75,2.24,8.64,,197,Moderate
DL031,9/1/2015 16:00,90.33,272.33,3.18,20.86,22.94,20.1,0.58,6.44,36.83,2.04,9.7,,198,Moderate
DL031,9/1/2015 17:00,97,281.33,2.09,24.33,24.53,19.4,0.53,7.09,39,1.83,8.1,,200,Moderate
DL031,9/1/2015 18:00,37,307.67,2.05,29.84,29.38,18.32,0.41,6.44,39.75,2.17,9.98,,208,Poor
DL031,9/1/2015 19:00,75,259.83,4.41,58.23,57.92,15.72,0.84,8.42,43.75,4.12,12.62,,209,Poor
DL031,9/1/2015 20:00,80.5,285,29.3,72.48,104.61,15.14,1.07,9.27,48.5,6.07,21.08,,213,Poor
DL031,9/1/2015 21:00,80.83,306.67,31.37,74.48,109.18,15.99,1.01,9.56,49.92,6.93,23.02,,219,Poor
DL031,9/1/2015 22:00,75.33,271.83,20.38,67.13,87.63,14.62,1,7.79,51.5,5.77,17.7,,225,Poor
DL031,9/1/2015 23:00,104.67,309.83,40.96,66.24,114.93,14.59,1.3,8.97,56.75,7.63,25.82,,227,Poor
DL031,9/2/2015 0:00,117.33,326.33,43.33,61.46,113.92,14.34,1.05,8.98,58,7.45,25.76,,233,Poor
DL031,9/2/2015 1:00,116.83,312.83,20.91,49.78,72.92,17.86,0.77,10.85,55.58,4.24,13.46,,240,Poor
DL031,9/2/2015 2:00,124.33,309.67,4.12,36.8,38.43,17.05,0.66,10.48,56.5,1.92,6.46,,248,Poor
DL031,9/2/2015 3:00,92,283,0.76,27.63,25.49,16.37,0.6,10.07,57.92,1.14,3.28,,253,Poor
DL031,9/2/2015 4:00,91.5,204.33,0.73,34.14,31.33,16.61,0.6,9.16,59.75,0.85,2.17,,257,Poor
DL031,9/2/2015 5:00,66.83,180.33,1.08,42.19,39.04,17.15,0.6,9.14,61.67,0.85,2.01,,260,Poor
DL031,9/2/2015 6:00,81.5,161.8,5.32,46.89,49.04,19.09,0.7,9.11,63.75,1.08,2.4,,264,Poor
DL031,9/2/2015 7:00,80,200.83,7.69,43.79,49.52,20.71,0.5,8.62,63.08,1.36,3.45,,267,Poor
DL031,9/2/2015 8:00,63.17,204.2,12.48,42.28,54.7,17.67,0.58,9.15,60.25,1.84,4.88,,270,Poor
DL031,9/2/2015 9:00,76,235.33,9.71,31.25,41.1,18.61,0.49,8.64,56.17,2.16,5.78,,270,Poor
DL031,9/2/2015 10:00,68.67,319.9,6.5,27.06,33.01,18.05,0.42,9,52.08,2.07,5.47,,260,Poor
DL031,9/2/2015 11:00,112.17,456.67,2.66,21.44,22.74,15.98,0.4,34.02,44.17,1.51,4.22,,250,Poor
DL031,9/2/2015 12:00,146.33,607.83,3.57,21.52,24.07,17.43,0.49,12.28,39.17,1.36,4.02,,260,Poor
DL031,9/2/2015 13:00,184.67,788.17,2.88,20.14,21.87,17.85,0.57,9.25,38.58,1.44,5.12,,267,Poor
DL031,9/2/2015 14:00,162.33,480,2.93,21.32,23,17.03,0.62,8.01,36.58,1.5,5.48,,270,Poor
DL031,9/2/2015 15:00,133,402.83,3.47,23.74,25.92,16.32,0.7,7.17,35,1.67,6.81,,274,Poor
DL031,9/2/2015 16:00,124.17,363.83,2.73,21.3,22.7,16.97,0.68,7.18,35.92,1.73,7.77,,278,Poor
DL031,9/2/2015 17:00,111.5,350.83,2.61,23.89,24.83,17.8,0.86,7.08,39.25,2.06,10.22,,280,Poor
DL031,9/2/2015 18:00,136.33,350.67,2.42,42,40.73,16.61,1.03,7.45,42.67,2.63,12.05,,282,Poor
DL031,9/2/2015 19:00,105.33,288.67,8.62,68.64,72.94,15.07,0.87,8.08,43.58,4.14,16.82,,283,Poor
DL031,9/2/2015 20:00,135.75,340.38,40.21,85.42,131.01,13.93,1.13,9.75,45.92,6.77,20.76,,286,Poor
DL031,9/2/2015 21:00,96.5,359.5,40.54,83.57,129.85,12.95,1.1,8.18,46.42,6.41,22.01,,288,Poor
DL031,9/2/2015 22:00,119.62,332.88,59.02,82.13,153.8,12.13,1.08,9.3,48.5,6.52,20.62,,290,Poor
DL031,9/2/2015 23:00,127.5,313.5,122.33,86.86,244.4,13.62,1.2,12.07,52.75,7.27,20.98,,291,Poor
DL031,9/3/2015 0:00,142.38,355.5,40.53,74.35,121.6,11.33,0.68,9.08,50.67,6.48,19.01,,292,Poor
DL031,9/3/2015 1:00,123.25,309.12,3.04,41.45,41.07,14.72,0.59,8.34,51.83,2.91,10.08,,292,Poor
DL031,9/3/2015 2:00,109.25,251.5,7.44,52.92,57.27,13.38,0.57,8.17,56.08,2.04,6.58,,289,Poor
DL031,9/3/2015 3:00,85.83,241.33,3.05,48.18,47.08,13.84,0.43,8.63,56.83,1.68,4.7,,287,Poor
DL031,9/3/2015 4:00,89.75,223.75,1.59,46.39,43.48,13.42,0.34,9.32,59.17,1.37,3.37,,288,Poor
DL031,9/3/2015 5:00,66.17,206.83,3.25,48.03,47.22,15.42,0.68,9.02,60.17,1.36,3.66,,289,Poor
DL031,9/3/2015 6:00,97.17,190.5,5.99,55.56,57.68,16.91,0.78,9.45,60.58,1.21,3.12,,291,Poor
DL031,9/3/2015 7:00,79,216.5,12.73,54.32,65.8,17.47,0.67,6.8,60.5,1.66,4.15,,291,Poor
DL031,9/3/2015 8:00,95.5,225.75,15.6,48.51,64.52,17,0.72,6.28,57.83,2.23,5.75,,292,Poor
DL031,9/3/2015 9:00,86.67,227.33,9.8,36.13,45.55,18.27,0.52,5.54,52.75,2.58,7.25,,292,Poor
DL031,9/3/2015 10:00,76.5,288.17,5.97,29.56,34.48,17.69,0.33,5.4,47.92,2.2,6.63,,291,Poor
DL031,9/3/2015 11:00,125.67,482.17,3.02,22.18,23.86,13.74,0.18,31.16,41.5,1.73,5.44,,292,Poor
DL031,9/3/2015 12:00,98.67,596.17,3.16,21.54,23.51,16.72,0.2,10.72,37.83,1.51,5.17,,291,Poor
DL031,9/3/2015 13:00,155.33,544,2.47,22.98,23.82,17.33,0.54,9.47,35.25,2.03,8.19,,281,Poor
DL031,9/3/2015 14:00,75.67,320.5,2.01,24.82,24.87,16.45,0.59,6.82,34.17,2.44,13.68,,274,Poor
DL031,9/3/2015 15:00,96,275.5,3.1,31.8,32.54,15.96,0.66,6.87,34.17,2.34,13.7,,269,Poor
DL031,9/3/2015 16:00,101.67,264.33,2.13,24.38,24.62,17.4,0.59,7.28,35.25,1.96,11.74,,265,Poor
DL031,9/3/2015 17:00,85.5,271,2.43,25.38,25.94,17.73,0.62,7.98,36.92,1.79,9.64,,261,Poor
DL031,9/3/2015 18:00,105.83,273.83,2.22,41.42,39.95,15.89,0.64,6.43,40.58,2.43,11.65,,258,Poor
DL031,9/3/2015 19:00,74.67,279.6,8.37,77.26,80.24,15.13,1.06,8.01,45.42,4.28,16.78,,258,Poor
DL031,9/3/2015 20:00,99.67,249.67,35.21,99.72,136.92,15.04,1.77,9.23,49.25,6.9,27.85,,254,Poor
DL031,9/3/2015 21:00,105.67,266.67,91.88,107.09,220.85,17.43,2.48,11.13,53.58,10.1,36.88,,250,Poor
DL031,9/3/2015 22:00,105.33,275.17,283.9,107.54,483.51,21.68,4.45,17.3,63.17,15.23,46.36,,248,Poor
DL031,9/3/2015 23:00,156.83,345.17,442.81,104.6,,22.01,5.58,22.99,68.08,18.98,54.11,,249,Poor
DL031,9/4/2015 0:00,132.2,308.2,359.11,87.32,,23.13,4.54,21.23,67.33,17.12,50.9,,247,Poor
DL031,9/4/2015 1:00,130.33,279.67,209.06,72.35,349.97,21.24,2.32,10.55,65.58,13.73,40.53,,246,Poor
DL031,9/4/2015 2:00,100,277,202.89,62.62,332.87,21.24,1.71,8.12,67.04,10.63,31.9,,247,Poor
DL031,9/4/2015 3:00,109,224.17,171.27,57.17,284.79,22.13,1.45,7.05,68.75,8.99,27.4,,246,Poor
DL031,9/4/2015 4:00,109.33,205.5,86.07,57.48,168.76,23.12,0.83,3.87,62.08,6.22,30.44,,246,Poor
DL031,9/4/2015 5:00,108.67,230,44.64,57.74,112.42,25.85,0.73,2.09,60.42,4.29,22.19,,249,Poor
DL031,9/4/2015 6:00,96.67,212,23.2,55.22,80.89,27.36,0.7,2.21,59.83,3.33,12.12,,249,Poor
DL031,9/4/2015 7:00,89,195.5,24.66,54.66,82.39,25.06,0.72,7.22,58.33,2.7,8.41,,250,Poor
DL031,9/4/2015 8:00,63.67,195.5,20.76,48.97,71.96,23.75,0.73,8.28,55.83,3.15,8.67,,246,Poor
DL031,9/4/2015 9:00,87.5,231,16.31,50.39,67.16,25.78,0.78,8.25,49,3.32,8.28,,246,Poor
DL031,9/4/2015 10:00,86.17,230,7.67,45.29,50.85,26.04,0.81,8.03,39.67,3.93,11.24,,247,Poor
DL031,9/4/2015 11:00,71.67,264.17,3.46,35.16,36,18.86,0.6,32.84,34.17,3.08,10.77,,240,Poor
DL031,9/4/2015 12:00,90,287.83,2.98,24.59,25.98,21.69,0.53,11.97,29.92,2.24,9.96,,238,Poor
DL031,9/4/2015 13:00,65.17,385.33,3.2,26.77,28.22,19.25,0.5,7.94,26.83,1.99,7.95,,226,Poor
DL031,9/4/2015 14:00,62.17,191.33,3.31,24.56,26.43,16.62,0.47,7.26,25,1.83,8.52,,224,Poor
DL031,9/4/2015 15:00,42.17,255.17,2.62,21.56,22.78,16,0.53,6.08,24.83,1.59,7.32,,217,Poor
DL031,9/4/2015 16:00,42.25,203,2.47,24.55,25.25,15.32,0.44,5.53,26.42,1.67,6.95,,208,Poor
DL031,9/4/2015 17:00,51,164.67,2.65,28.08,28.65,15.38,0.5,5.49,29.25,2.28,11.51,,203,Poor
DL031,9/4/2015 18:00,34.83,170.67,1.78,39.64,37.75,15.1,0.56,6.22,31,2.56,12.18,,198,Moderate
DL031,9/4/2015 19:00,53.67,181.83,6.07,79.57,79.21,13.56,0.92,7.74,34.08,4.3,16.89,,195,Moderate
DL031,9/4/2015 20:00,52.83,174,50.62,114.88,171.48,13.21,1.61,9.71,37.25,8.67,29.49,,193,Moderate
DL031,9/4/2015 21:00,65.17,212.33,134.86,119.23,290.42,18.78,2.82,13.78,47.33,12.6,44.02,,192,Moderate
DL031,9/4/2015 22:00,123.83,341.83,361.63,117.48,,24.77,5.48,22.6,57.75,20.67,59.77,,193,Moderate
DL031,9/4/2015 23:00,196.67,383.83,201.19,111.43,374.04,21.09,3.97,21.16,56.17,20.89,60.28,,195,Moderate
DL031,9/5/2015 0:00,111,273.83,219.42,99.71,388.49,25.49,3.42,21.24,63.08,18.16,54.93,,194,Moderate
DL031,9/5/2015 1:00,86.83,266.67,181.67,91.31,329.44,26.71,2.28,15.32,65,16.92,51.27,,193,Moderate
DL031,9/5/2015 2:00,63.83,206.5,121.61,82.13,239.23,28.93,1.72,10.78,64.25,12.29,41.88,,191,Moderate
DL031,9/5/2015 3:00,59.5,188.17,54.1,63.22,130.2,28.18,1.02,6.73,60.5,7.11,27.7,,190,Moderate
DL031,9/5/2015 4:00,89.33,179.17,37.88,55.92,101.54,27.19,0.82,5.88,59.58,4.75,17.37,,190,Moderate
DL031,9/5/2015 5:00,77,157.67,56.04,58.25,128.42,33.47,1.05,7.24,60.83,4.37,15.36,,188,Moderate
DL031,9/5/2015 6:00,80.17,171,19.35,52.01,72.77,29.46,0.97,5.8,57.75,4.11,11.53,,186,Moderate
DL031,9/5/2015 7:00,68.5,173.83,25.52,55.53,84.33,28.18,0.7,8.4,57.58,3.51,8.63,,186,Moderate
DL031,9/5/2015 8:00,56,187,12.93,46.77,59.33,27.29,0.63,8.8,51.83,3.62,7.45,,186,Moderate
DL031,9/5/2015 9:00,57,184.4,7.38,37.7,43.69,27.84,0.51,8.82,46.58,2.93,6.59,,184,Moderate
DL031,9/5/2015 10:00,62.33,192.5,4.65,35.23,37.75,27.9,0.46,8.91,42.25,3.56,8.72,,183,Moderate
DL031,9/5/2015 11:00,64,185,1.84,26.6,26.22,25.99,0.5,32.04,37.42,2.98,7.47,,181,Moderate
DL031,9/5/2015 12:00,,,1.8,25.4,25.1,27.6,0.5,16.9,,2.8,7.2,,179,Moderate
DL031,9/5/2015 13:00,,,,,,,,,,,,,174,Moderate
DL031,9/5/2015 14:00,,,,,,,,,,,,,175,Moderate
DL031,9/5/2015 15:00,,,,,,,,,,,,,173,Moderate
DL031,9/5/2015 16:00,,,,,,,,,,,,,174,Moderate
DL031,9/5/2015 17:00,,,,,,,,,,,,,175,Moderate
DL031,9/5/2015 18:00,,,,,,,,,,,,,177,Moderate
DL031,9/5/2015 19:00,,,,,,,,,,,,,178,Moderate
DL032,5/7/2018 10:00,152,409,2,12.41,14.41,104.28,0.78,26.84,89.26,0.63,3.1,,318,Very Poor
DL032,5/7/2018 11:00,122,387,5.53,15.63,44.61,58.71,0.58,10.81,94.97,0.99,2.3,,323,Very Poor
DL032,5/7/2018 12:00,103,350,2.85,13.71,19.52,77.33,0.54,11.18,130.52,0.59,1.91,,319,Very Poor
DL032,5/7/2018 13:00,111,400,1.47,10.2,14.37,72.68,0.53,10.87,157.58,0.38,1.75,,291,Poor
DL032,5/7/2018 14:00,94,256,1.23,10.35,42.73,43.23,0.53,5.67,182.48,0.96,1.73,,291,Poor
DL032,5/7/2018 15:00,97,288,1.25,14.22,11.67,67.46,0.55,8.73,184.95,0.32,1.68,,289,Poor
DL032,5/7/2018 16:00,110,348,1.42,11.96,15.87,51.28,0.47,7.48,160.96,0.32,1.5,,295,Poor
DL032,5/7/2018 17:00,118,410,2.43,10.03,24.43,29.44,0.37,4.44,115.97,0.48,1.28,,301,Very Poor
DL032,5/7/2018 18:00,124,427,1.27,11.1,18.12,34.65,0.35,4.59,124.44,0.46,1.15,,304,Very Poor
DL032,5/7/2018 19:00,133,477,3.73,29.63,33.38,41.83,0.97,7.33,62.64,0.15,1.25,,318,Very Poor
DL032,5/7/2018 20:00,157,582,15.89,50.01,65.97,54.54,2.17,9.28,19.52,0.38,3.43,,340,Very Poor
DL032,5/7/2018 21:00,207,701,16.07,51.99,67.77,73.69,2.54,16.18,30.55,0.65,5.58,,366,Very Poor
DL032,5/7/2018 22:00,260,880,7.29,51.22,58.52,78.58,2.26,19.42,14.48,1.12,7.8,,396,Very Poor
DL032,5/7/2018 23:00,233,696,12.08,50.67,62.72,80.65,1.7,14.96,8.96,2.32,8.29,,415,Severe
DL032,5/8/2018 0:00,185,497,1.61,17.05,14.88,71.37,0.55,6.41,46.89,1.95,5.5,,424,Severe
DL032,5/8/2018 1:00,399,,1.08,,4.73,69.87,0.33,6.12,66.67,0.35,2.12,,431,Severe
DL032,5/8/2018 2:00,94,742,0.77,,3.89,71.21,0.52,6.46,66.53,0.15,1.2,,452,Severe
DL032,5/8/2018 3:00,53,549,0.7,,0.34,6.44,0.08,5.9,66.7,0.1,0.9,,466,Severe
DL032,5/8/2018 4:00,31,144.75,,,0.1,1.08,0.06,,,,,,454,Severe
DL032,5/8/2018 5:00,38,107,,,0.1,0.97,0.06,,,,,,444,Severe
DL032,5/8/2018 6:00,33,99,,,0.1,0.9,0.05,,,,,,429,Severe
DL032,5/8/2018 7:00,30,66,,,0.1,0.9,0.05,,,,,,408,Severe
DL032,5/8/2018 8:00,27,83,,,0.1,0.85,0.02,1,9.9,,,,382,Very Poor
DL032,5/8/2018 9:00,34,129,,,0.13,1.18,0.03,,,,,,353,Very Poor
DL032,5/8/2018 10:00,44,157,,,0.15,1.28,0.07,,,,,,339,Very Poor
DL032,5/8/2018 11:00,35,114,,,0.1,1.15,0.09,,,,,,325,Very Poor
DL032,5/8/2018 12:00,35,114,,,0.1,1.2,0.09,,,,,,312,Very Poor
DL032,5/8/2018 13:00,36,106,,,0.1,1.08,0.09,,,,,,297,Poor
DL032,5/8/2018 14:00,31,114,,,0.1,1,0.1,,,,,,290,Poor
DL032,5/8/2018 15:00,35,112,,,0.1,0.85,0.11,,,,,,283,Poor
DL032,5/8/2018 16:00,44,108,,,5.52,1.58,0.2,0.63,120.53,0.8,,,272,Poor
DL032,5/8/2018 17:00,52,111,1.62,11.4,11.13,8.91,0.35,2.41,102.49,0.34,0.61,,259,Poor
